rank,model_type,curve_feat_kind,curve_feat_param,use_stage1_score,model_kwargs,feat_k,sens_delta,spec_delta,ppv,ni_ci_upper,pass
1,hgb,cluster_band,8,True,"{'max_depth': 3, 'learning_rate': 0.06, 'max_iter': 500}",8,0.0,0.048907388137356955,0.22674418604651161,0.023537597639319504,True
2,hgb,cluster_band,8,True,"{'max_depth': 3, 'learning_rate': 0.1, 'max_iter': 500}",8,0.0,0.043704474505723234,0.22456813819577734,0.023537597639319504,True
3,hgb,cluster_band,8,True,"{'max_depth': 3, 'learning_rate': 0.1, 'max_iter': 300}",8,0.0,0.04162330905306977,0.2237093690248566,0.023537597639319504,True
4,hgb,cluster_band,8,True,"{'max_depth': 4, 'learning_rate': 0.06, 'max_iter': 100}",8,0.0,0.0395421436004163,0.22285714285714286,0.023537597639319504,True
5,logreg,pca,0.95,True,,6,0.0,0.03850156087408951,0.2224334600760456,0.023537597639319504,True
6,hgb,cluster_band,8,True,"{'max_depth': 3, 'learning_rate': 0.06, 'max_iter': 300}",8,0.0,0.037460978147762836,0.222011385199241,0.023537597639319504,True
7,hgb,cluster_band,8,True,"{'max_depth': 4, 'learning_rate': 0.1, 'max_iter': 150}",8,0.0,0.037460978147762836,0.222011385199241,0.023537597639319504,True
8,logreg,radiomics1d,8,True,{'C': 0.3},18,0.0,0.037460978147762836,0.222011385199241,0.023537597639319504,True
9,hgb,cluster_band,8,True,,8,0.0,0.03642039542143605,0.2215909090909091,0.023537597639319504,True
10,hgb,cluster_band,16,True,"{'max_depth': 3, 'learning_rate': 0.06, 'max_iter': 100}",16,0.0,0.03642039542143605,0.2215909090909091,0.023537597639319504,True
11,hgb,cluster_band,16,True,"{'max_depth': 2, 'learning_rate': 0.15, 'max_iter': 150}",16,0.0,0.03537981269510926,0.22117202268431002,0.023537597639319504,True
12,hgb,cluster_band,8,True,"{'max_depth': 2, 'learning_rate': 0.15, 'max_iter': 300}",8,0.0,0.03433922996878258,0.22075471698113208,0.023537597639319504,True
13,hgb,cluster_band,8,True,"{'max_depth': 3, 'learning_rate': 0.03, 'max_iter': 500}",8,0.0,0.03433922996878258,0.22075471698113208,0.023537597639319504,True
14,hgb,radiomics1d,8,True,"{'max_depth': 4, 'learning_rate': 0.06, 'max_iter': 100}",18,0.0,0.03433922996878258,0.22075471698113208,0.023537597639319504,True
15,hgb,cluster_band,8,True,"{'max_depth': 3, 'learning_rate': 0.03, 'max_iter': 100}",8,0.0,0.03329864724245579,0.22033898305084745,0.023537597639319504,True
16,hgb,cluster_band,8,True,"{'max_depth': 3, 'learning_rate': 0.1, 'max_iter': 100}",8,0.0,0.03329864724245579,0.22033898305084745,0.023537597639319504,True
17,hgb,cluster_band,16,True,"{'max_depth': 2, 'learning_rate': 0.1, 'max_iter': 150}",16,0.0,0.032258064516129115,0.2199248120300752,0.023537597639319504,True
18,hgb,cluster_band,16,True,"{'max_depth': 3, 'learning_rate': 0.03, 'max_iter': 300}",16,0.0,0.032258064516129115,0.2199248120300752,0.023537597639319504,True
19,logreg,cluster_band,16,True,{'C': 3.0},16,0.0,0.031217481789802326,0.21951219512195122,0.023537597639319504,True
20,hgb,band,16,True,"{'max_depth': 2, 'learning_rate': 0.06, 'max_iter': 100}",16,0.0,0.030176899063475537,0.21910112359550563,0.023537597639319504,True
21,hgb,cluster_band,8,True,"{'max_depth': 2, 'learning_rate': 0.15, 'max_iter': 500}",8,0.0,0.02913631633714886,0.21869158878504674,0.023537597639319504,True
22,hgb,cluster_band,8,True,"{'max_depth': 4, 'learning_rate': 0.15, 'max_iter': 100}",8,0.0,0.02913631633714886,0.21869158878504674,0.023537597639319504,True
23,hgb,cluster_band,16,True,"{'max_depth': 3, 'learning_rate': 0.1, 'max_iter': 100}",16,0.0,0.02913631633714886,0.21869158878504674,0.023537597639319504,True
24,logreg,radiomics1d,8,True,{'C': 10.0},18,0.0,0.02913631633714886,0.21869158878504674,0.023537597639319504,True
25,logreg,pca,0.95,True,{'C': 3.0},6,0.0,0.02809573361082207,0.21828358208955223,0.023537597639319504,True
26,hgb,cluster_band,8,True,"{'max_depth': 4, 'learning_rate': 0.1, 'max_iter': 100}",8,0.0,0.02809573361082207,0.21828358208955223,0.023537597639319504,True
27,hgb,cluster_band,16,True,"{'max_depth': 2, 'learning_rate': 0.1, 'max_iter': 100}",16,0.0,0.02809573361082207,0.21828358208955223,0.023537597639319504,True
28,hgb,cluster_band,16,True,"{'max_depth': 2, 'learning_rate': 0.15, 'max_iter': 100}",16,0.0,0.02809573361082207,0.21828358208955223,0.023537597639319504,True
29,hgb,cluster_band,16,True,"{'max_depth': 3, 'learning_rate': 0.03, 'max_iter': 150}",16,0.0,0.02809573361082207,0.21828358208955223,0.023537597639319504,True
30,logreg,radiomics1d,8,True,{'C': 0.1},18,0.0,0.02809573361082207,0.21828358208955223,0.023537597639319504,True
31,hgb,cluster_band,8,True,"{'max_depth': 3, 'learning_rate': 0.15, 'max_iter': 500}",8,0.0,0.027055150884495394,0.21787709497206703,0.023537597639319504,True
32,hgb,cluster_band,16,True,"{'max_depth': 2, 'learning_rate': 0.1, 'max_iter': 300}",16,0.0,0.027055150884495394,0.21787709497206703,0.023537597639319504,True
33,logreg,radiomics1d,8,True,,18,0.0,0.026014568158168605,0.2174721189591078,0.023537597639319504,True
34,logreg,band,8,True,{'C': 3.0},8,0.0,0.026014568158168605,0.2174721189591078,0.023537597639319504,True
35,hgb,band,16,True,"{'max_depth': 2, 'learning_rate': 0.06, 'max_iter': 150}",16,0.0,0.026014568158168605,0.2174721189591078,0.023537597639319504,True
36,hgb,cluster_band,8,True,"{'max_depth': 2, 'learning_rate': 0.15, 'max_iter': 150}",8,0.0,0.026014568158168605,0.2174721189591078,0.023537597639319504,True
37,hgb,cluster_band,8,True,"{'max_depth': 3, 'learning_rate': 0.15, 'max_iter': 300}",8,0.0,0.026014568158168605,0.2174721189591078,0.023537597639319504,True
38,hgb,cluster_band,8,True,"{'max_depth': 4, 'learning_rate': 0.15, 'max_iter': 150}",8,0.0,0.026014568158168605,0.2174721189591078,0.023537597639319504,True
39,logreg,pca,0.95,True,{'C': 0.3},6,0.0,0.024973985431841816,0.21706864564007422,0.023537597639319504,True
40,hgb,cluster_band,8,True,"{'max_depth': 3, 'learning_rate': 0.03, 'max_iter': 300}",8,0.0,0.024973985431841816,0.21706864564007422,0.023537597639319504,True
41,hgb,cluster_band,8,True,"{'max_depth': 3, 'learning_rate': 0.06, 'max_iter': 100}",8,0.0,0.024973985431841816,0.21706864564007422,0.023537597639319504,True
42,hgb,cluster_band,8,True,"{'max_depth': 3, 'learning_rate': 0.1, 'max_iter': 150}",8,0.0,0.024973985431841816,0.21706864564007422,0.023537597639319504,True
43,logreg,cluster_band,8,True,{'C': 3.0},8,0.0,0.024973985431841816,0.21706864564007422,0.023537597639319504,True
44,hgb,cluster_band,16,True,"{'max_depth': 2, 'learning_rate': 0.03, 'max_iter': 150}",16,0.0,0.024973985431841816,0.21706864564007422,0.023537597639319504,True
45,logreg,band,8,True,{'C': 10.0},8,0.0,0.02393340270551514,0.21666666666666667,0.023537597639319504,True
46,hgb,cluster_band,8,True,"{'max_depth': 2, 'learning_rate': 0.1, 'max_iter': 500}",8,0.0,0.02393340270551514,0.21666666666666667,0.023537597639319504,True
47,hgb,cluster_band,8,True,"{'max_depth': 3, 'learning_rate': 0.15, 'max_iter': 150}",8,0.0,0.02393340270551514,0.21666666666666667,0.023537597639319504,True
48,logreg,cluster_band,8,True,{'C': 10.0},8,0.0,0.02393340270551514,0.21666666666666667,0.023537597639319504,True
49,hgb,cluster_band,16,True,"{'max_depth': 4, 'learning_rate': 0.03, 'max_iter': 100}",16,0.0,0.02393340270551514,0.21666666666666667,0.023537597639319504,True
50,hgb,cluster_band,16,True,"{'max_depth': 4, 'learning_rate': 0.03, 'max_iter': 150}",16,0.0,0.02393340270551514,0.21666666666666667,0.023537597639319504,True
51,logreg,band,16,True,{'C': 3.0},16,0.0,0.02289281997918835,0.21626617375231053,0.023537597639319504,True
52,hgb,cluster_band,8,True,"{'max_depth': 2, 'learning_rate': 0.03, 'max_iter': 100}",8,0.0,0.02289281997918835,0.21626617375231053,0.023537597639319504,True
53,hgb,cluster_band,8,True,"{'max_depth': 3, 'learning_rate': 0.15, 'max_iter': 100}",8,0.0,0.02289281997918835,0.21626617375231053,0.023537597639319504,True
54,hgb,cluster_band,8,True,"{'max_depth': 4, 'learning_rate': 0.03, 'max_iter': 300}",8,0.0,0.02289281997918835,0.21626617375231053,0.023537597639319504,True
55,hgb,cluster_band,16,True,"{'max_depth': 2, 'learning_rate': 0.06, 'max_iter': 300}",16,0.0,0.02289281997918835,0.21626617375231053,0.023537597639319504,True
56,hgb,cluster_band,16,True,"{'max_depth': 3, 'learning_rate': 0.1, 'max_iter': 150}",16,0.0,0.02289281997918835,0.21626617375231053,0.023537597639319504,True
57,hgb,cluster_band,16,True,"{'max_depth': 3, 'learning_rate': 0.15, 'max_iter': 100}",16,0.0,0.02289281997918835,0.21626617375231053,0.023537597639319504,True
58,hgb,radiomics1d,8,True,"{'max_depth': 3, 'learning_rate': 0.03, 'max_iter': 300}",18,0.0,0.02289281997918835,0.21626617375231053,0.023537597639319504,True
59,logreg,radiomics1d,8,True,{'C': 3.0},18,0.0,0.02289281997918835,0.21626617375231053,0.023537597639319504,True
60,logreg,band,16,True,{'C': 10.0},16,0.0,0.021852237252861673,0.2158671586715867,0.023537597639319504,True
61,hgb,cluster_band,8,True,"{'max_depth': 4, 'learning_rate': 0.03, 'max_iter': 150}",8,0.0,0.021852237252861673,0.2158671586715867,0.023537597639319504,True
62,hgb,cluster_band,8,True,"{'max_depth': 4, 'learning_rate': 0.06, 'max_iter': 150}",8,0.0,0.021852237252861673,0.2158671586715867,0.023537597639319504,True
63,hgb,cluster_band,16,True,"{'max_depth': 3, 'learning_rate': 0.03, 'max_iter': 500}",16,0.0,0.021852237252861673,0.2158671586715867,0.023537597639319504,True
64,logreg,combo,"(8, 0.9)",True,{'C': 10.0},12,0.0,0.021852237252861673,0.2158671586715867,0.023537597639319504,True
65,hgb,band,16,True,"{'max_depth': 2, 'learning_rate': 0.03, 'max_iter': 300}",16,0.0,0.020811654526534884,0.2154696132596685,0.023537597639319504,True
66,hgb,band,16,True,"{'max_depth': 4, 'learning_rate': 0.03, 'max_iter': 100}",16,0.0,0.020811654526534884,0.2154696132596685,0.023537597639319504,True
67,hgb,cluster_band,8,True,"{'max_depth': 3, 'learning_rate': 0.03, 'max_iter': 150}",8,0.0,0.020811654526534884,0.2154696132596685,0.023537597639319504,True
68,hgb,cluster_band,8,True,"{'max_depth': 4, 'learning_rate': 0.06, 'max_iter': 300}",8,0.0,0.020811654526534884,0.2154696132596685,0.023537597639319504,True
69,hgb,combo,"(8, 0.9)",True,"{'max_depth': 2, 'learning_rate': 0.03, 'max_iter': 300}",12,0.0,0.020811654526534884,0.2154696132596685,0.023537597639319504,True
70,hgb,radiomics1d,8,True,"{'max_depth': 4, 'learning_rate': 0.03, 'max_iter': 150}",18,0.0,0.020811654526534884,0.2154696132596685,0.023537597639319504,True
71,hgb,pca,0.95,True,"{'max_depth': 3, 'learning_rate': 0.03, 'max_iter': 100}",6,0.0,0.019771071800208206,0.21507352941176472,0.023537597639319504,True
72,logreg,pca,0.95,True,{'C': 0.1},6,0.0,0.019771071800208206,0.21507352941176472,0.023537597639319504,True
73,logreg,pca,0.95,True,{'C': 10.0},6,0.0,0.019771071800208206,0.21507352941176472,0.023537597639319504,True
74,logreg,band,4,True,{'C': 3.0},4,0.0,0.019771071800208206,0.21507352941176472,0.023537597639319504,True
75,hgb,band,16,True,"{'max_depth': 3, 'learning_rate': 0.03, 'max_iter': 100}",16,0.0,0.019771071800208206,0.21507352941176472,0.023537597639319504,True
76,hgb,band,16,True,"{'max_depth': 3, 'learning_rate': 0.1, 'max_iter': 100}",16,0.0,0.019771071800208206,0.21507352941176472,0.023537597639319504,True
77,hgb,cluster_band,16,True,"{'max_depth': 3, 'learning_rate': 0.15, 'max_iter': 150}",16,0.0,0.019771071800208206,0.21507352941176472,0.023537597639319504,True
78,hgb,combo,"(8, 0.9)",True,"{'max_depth': 2, 'learning_rate': 0.03, 'max_iter': 150}",12,0.0,0.019771071800208206,0.21507352941176472,0.023537597639319504,True
79,hgb,combo,"(8, 0.9)",True,"{'max_depth': 2, 'learning_rate': 0.03, 'max_iter': 500}",12,0.0,0.019771071800208206,0.21507352941176472,0.023537597639319504,True
80,hgb,combo,"(8, 0.9)",True,"{'max_depth': 2, 'learning_rate': 0.06, 'max_iter': 100}",12,0.0,0.019771071800208206,0.21507352941176472,0.023537597639319504,True
81,hgb,cluster_band,8,True,"{'max_depth': 2, 'learning_rate': 0.03, 'max_iter': 150}",8,0.0,0.018730489073881418,0.21467889908256882,0.023537597639319504,True
82,hgb,cluster_band,8,True,"{'max_depth': 2, 'learning_rate': 0.1, 'max_iter': 150}",8,0.0,0.018730489073881418,0.21467889908256882,0.023537597639319504,True
83,hgb,combo,"(8, 0.9)",True,"{'max_depth': 2, 'learning_rate': 0.06, 'max_iter': 150}",12,0.0,0.018730489073881418,0.21467889908256882,0.023537597639319504,True
84,hgb,radiomics1d,8,True,"{'max_depth': 2, 'learning_rate': 0.06, 'max_iter': 150}",18,0.0,0.018730489073881418,0.21467889908256882,0.023537597639319504,True
85,hgb,radiomics1d,8,True,"{'max_depth': 3, 'learning_rate': 0.03, 'max_iter': 100}",18,0.0,0.018730489073881418,0.21467889908256882,0.023537597639319504,True
86,hgb,radiomics1d,8,True,"{'max_depth': 3, 'learning_rate': 0.03, 'max_iter': 150}",18,0.0,0.018730489073881418,0.21467889908256882,0.023537597639319504,True
87,hgb,radiomics1d,8,True,,18,0.0,0.01768990634755463,0.21428571428571427,0.023537597639319504,True
88,hgb,pca,0.9,True,"{'max_depth': 2, 'learning_rate': 0.03, 'max_iter': 100}",4,0.0,0.01768990634755463,0.21428571428571427,0.023537597639319504,True
89,hgb,pca,0.95,True,"{'max_depth': 2, 'learning_rate': 0.03, 'max_iter': 100}",6,0.0,0.01768990634755463,0.21428571428571427,0.023537597639319504,True
90,hgb,band,16,True,"{'max_depth': 2, 'learning_rate': 0.03, 'max_iter': 100}",16,0.0,0.01768990634755463,0.21428571428571427,0.023537597639319504,True
91,hgb,band,16,True,"{'max_depth': 2, 'learning_rate': 0.03, 'max_iter': 150}",16,0.0,0.01768990634755463,0.21428571428571427,0.023537597639319504,True
92,logreg,band,32,True,{'C': 3.0},32,0.0,0.01768990634755463,0.21428571428571427,0.023537597639319504,True
93,hgb,cluster_band,8,True,"{'max_depth': 2, 'learning_rate': 0.06, 'max_iter': 100}",8,0.0,0.01768990634755463,0.21428571428571427,0.023537597639319504,True
94,hgb,cluster_band,8,True,"{'max_depth': 4, 'learning_rate': 0.1, 'max_iter': 300}",8,0.0,0.01768990634755463,0.21428571428571427,0.023537597639319504,True
95,hgb,cluster_band,16,True,"{'max_depth': 2, 'learning_rate': 0.03, 'max_iter': 100}",16,0.0,0.01768990634755463,0.21428571428571427,0.023537597639319504,True
96,hgb,cluster_band,16,True,"{'max_depth': 4, 'learning_rate': 0.03, 'max_iter': 300}",16,0.0,0.01768990634755463,0.21428571428571427,0.023537597639319504,True
97,logreg,band,16,True,,16,0.0,0.01664932362122795,0.21389396709323583,0.023537597639319504,True
98,logreg,cluster_band,16,True,,16,0.0,0.01664932362122795,0.21389396709323583,0.023537597639319504,True
99,logreg,band,4,True,{'C': 10.0},4,0.0,0.01664932362122795,0.21389396709323583,0.023537597639319504,True
100,hgb,band,16,True,"{'max_depth': 3, 'learning_rate': 0.03, 'max_iter': 150}",16,0.0,0.01664932362122795,0.21389396709323583,0.023537597639319504,True
101,hgb,cluster_band,8,True,"{'max_depth': 4, 'learning_rate': 0.03, 'max_iter': 100}",8,0.0,0.01664932362122795,0.21389396709323583,0.023537597639319504,True
102,hgb,cluster_band,8,True,"{'max_depth': 4, 'learning_rate': 0.06, 'max_iter': 500}",8,0.0,0.01664932362122795,0.21389396709323583,0.023537597639319504,True
103,logreg,cluster_band,16,True,{'C': 10.0},16,0.0,0.01664932362122795,0.21389396709323583,0.023537597639319504,True
104,hgb,combo,"(8, 0.9)",True,"{'max_depth': 2, 'learning_rate': 0.03, 'max_iter': 100}",12,0.0,0.01664932362122795,0.21389396709323583,0.023537597639319504,True
105,hgb,radiomics1d,8,True,"{'max_depth': 3, 'learning_rate': 0.06, 'max_iter': 100}",18,0.0,0.01664932362122795,0.21389396709323583,0.023537597639319504,True
106,hgb,pca,0.9,True,"{'max_depth': 3, 'learning_rate': 0.03, 'max_iter': 100}",4,0.0,0.015608740894901163,0.21350364963503649,0.023537597639319504,True
107,hgb,pca,0.9,True,"{'max_depth': 3, 'learning_rate': 0.15, 'max_iter': 500}",4,0.0,0.015608740894901163,0.21350364963503649,0.023537597639319504,True
108,logreg,pca,0.9,True,{'C': 10.0},4,0.0,0.015608740894901163,0.21350364963503649,0.023537597639319504,True
109,hgb,band,16,True,"{'max_depth': 2, 'learning_rate': 0.03, 'max_iter': 500}",16,0.0,0.015608740894901163,0.21350364963503649,0.023537597639319504,True
110,hgb,band,16,True,"{'max_depth': 4, 'learning_rate': 0.03, 'max_iter': 150}",16,0.0,0.015608740894901163,0.21350364963503649,0.023537597639319504,True
111,hgb,band,16,True,"{'max_depth': 4, 'learning_rate': 0.15, 'max_iter': 100}",16,0.0,0.015608740894901163,0.21350364963503649,0.023537597639319504,True
112,hgb,cluster_band,16,True,"{'max_depth': 2, 'learning_rate': 0.03, 'max_iter': 300}",16,0.0,0.015608740894901163,0.21350364963503649,0.023537597639319504,True
113,hgb,cluster_band,16,True,"{'max_depth': 2, 'learning_rate': 0.06, 'max_iter': 100}",16,0.0,0.015608740894901163,0.21350364963503649,0.023537597639319504,True
114,hgb,cluster_band,16,True,"{'max_depth': 2, 'learning_rate': 0.06, 'max_iter': 500}",16,0.0,0.015608740894901163,0.21350364963503649,0.023537597639319504,True
115,hgb,combo,"(8, 0.9)",True,"{'max_depth': 3, 'learning_rate': 0.03, 'max_iter': 150}",12,0.0,0.015608740894901163,0.21350364963503649,0.023537597639319504,True
116,logreg,band,32,True,,32,0.0,0.014568158168574485,0.21311475409836064,0.023537597639319504,True
117,hgb,pca,0.9,True,"{'max_depth': 4, 'learning_rate': 0.03, 'max_iter': 100}",4,0.0,0.014568158168574485,0.21311475409836064,0.023537597639319504,True
118,hgb,band,16,True,"{'max_depth': 2, 'learning_rate': 0.1, 'max_iter': 100}",16,0.0,0.014568158168574485,0.21311475409836064,0.023537597639319504,True
119,hgb,band,16,True,"{'max_depth': 3, 'learning_rate': 0.06, 'max_iter': 100}",16,0.0,0.014568158168574485,0.21311475409836064,0.023537597639319504,True
120,hgb,band,32,True,"{'max_depth': 3, 'learning_rate': 0.06, 'max_iter': 100}",32,0.0,0.014568158168574485,0.21311475409836064,0.023537597639319504,True
121,hgb,band,32,True,"{'max_depth': 4, 'learning_rate': 0.06, 'max_iter': 100}",32,0.0,0.014568158168574485,0.21311475409836064,0.023537597639319504,True
122,hgb,cluster_band,8,True,"{'max_depth': 2, 'learning_rate': 0.1, 'max_iter': 100}",8,0.0,0.014568158168574485,0.21311475409836064,0.023537597639319504,True
123,hgb,cluster_band,16,True,"{'max_depth': 3, 'learning_rate': 0.03, 'max_iter': 100}",16,0.0,0.014568158168574485,0.21311475409836064,0.023537597639319504,True
124,hgb,combo,"(8, 0.9)",True,"{'max_depth': 2, 'learning_rate': 0.06, 'max_iter': 300}",12,0.0,0.014568158168574485,0.21311475409836064,0.023537597639319504,True
125,logreg,combo,"(8, 0.9)",True,{'C': 0.1},12,0.0,0.014568158168574485,0.21311475409836064,0.023537597639319504,True
126,hgb,radiomics1d,8,True,"{'max_depth': 2, 'learning_rate': 0.1, 'max_iter': 100}",18,0.0,0.014568158168574485,0.21311475409836064,0.023537597639319504,True
127,hgb,radiomics1d,8,True,"{'max_depth': 4, 'learning_rate': 0.1, 'max_iter': 100}",18,0.0,0.014568158168574485,0.21311475409836064,0.023537597639319504,True
128,logreg,band,8,True,,8,0.0,0.013527575442247697,0.21272727272727274,0.023537597639319504,True
129,logreg,pca,0.9,True,{'C': 0.1},4,0.0,0.013527575442247697,0.21272727272727274,0.023537597639319504,True
130,hgb,band,8,True,"{'max_depth': 2, 'learning_rate': 0.03, 'max_iter': 150}",8,0.0,0.013527575442247697,0.21272727272727274,0.023537597639319504,True
131,hgb,band,16,True,"{'max_depth': 3, 'learning_rate': 0.03, 'max_iter': 500}",16,0.0,0.013527575442247697,0.21272727272727274,0.023537597639319504,True
132,hgb,cluster_band,8,True,"{'max_depth': 2, 'learning_rate': 0.03, 'max_iter': 300}",8,0.0,0.013527575442247697,0.21272727272727274,0.023537597639319504,True
133,hgb,cluster_band,16,True,"{'max_depth': 2, 'learning_rate': 0.15, 'max_iter': 300}",16,0.0,0.013527575442247697,0.21272727272727274,0.023537597639319504,True
134,hgb,cluster_band,16,True,"{'max_depth': 4, 'learning_rate': 0.15, 'max_iter': 100}",16,0.0,0.013527575442247697,0.21272727272727274,0.023537597639319504,True
135,hgb,combo,"(8, 0.9)",True,"{'max_depth': 3, 'learning_rate': 0.03, 'max_iter': 300}",12,0.0,0.013527575442247697,0.21272727272727274,0.023537597639319504,True
136,hgb,radiomics1d,8,True,"{'max_depth': 2, 'learning_rate': 0.1, 'max_iter': 150}",18,0.0,0.013527575442247697,0.21272727272727274,0.023537597639319504,True
137,logreg,pca,0.9,False,,4,0.0,0.012486992715920908,0.21234119782214156,0.023537597639319504,True
138,logreg,cluster_band,8,True,,8,0.0,0.012486992715920908,0.21234119782214156,0.023537597639319504,True
139,hgb,band,8,True,"{'max_depth': 2, 'learning_rate': 0.03, 'max_iter': 300}",8,0.0,0.012486992715920908,0.21234119782214156,0.023537597639319504,True
140,hgb,band,32,True,"{'max_depth': 2, 'learning_rate': 0.06, 'max_iter': 100}",32,0.0,0.012486992715920908,0.21234119782214156,0.023537597639319504,True
141,hgb,band,32,True,"{'max_depth': 3, 'learning_rate': 0.15, 'max_iter': 100}",32,0.0,0.012486992715920908,0.21234119782214156,0.023537597639319504,True
142,logreg,band,32,True,{'C': 10.0},32,0.0,0.012486992715920908,0.21234119782214156,0.023537597639319504,True
143,hgb,cluster_band,8,True,"{'max_depth': 2, 'learning_rate': 0.15, 'max_iter': 100}",8,0.0,0.012486992715920908,0.21234119782214156,0.023537597639319504,True
144,hgb,cluster_band,16,True,"{'max_depth': 2, 'learning_rate': 0.03, 'max_iter': 500}",16,0.0,0.012486992715920908,0.21234119782214156,0.023537597639319504,True
145,hgb,cluster_band,16,True,"{'max_depth': 3, 'learning_rate': 0.06, 'max_iter': 300}",16,0.0,0.012486992715920908,0.21234119782214156,0.023537597639319504,True
146,hgb,cluster_band,16,True,"{'max_depth': 4, 'learning_rate': 0.03, 'max_iter': 500}",16,0.0,0.012486992715920908,0.21234119782214156,0.023537597639319504,True
147,hgb,combo,"(8, 0.9)",True,"{'max_depth': 2, 'learning_rate': 0.15, 'max_iter': 100}",12,0.0,0.012486992715920908,0.21234119782214156,0.023537597639319504,True
148,hgb,radiomics1d,8,True,"{'max_depth': 2, 'learning_rate': 0.03, 'max_iter': 300}",18,0.0,0.012486992715920908,0.21234119782214156,0.023537597639319504,True
149,hgb,radiomics1d,8,True,"{'max_depth': 3, 'learning_rate': 0.03, 'max_iter': 500}",18,0.0,0.012486992715920908,0.21234119782214156,0.023537597639319504,True
150,logreg,pca,0.9,True,{'C': 3.0},4,0.0,0.01144640998959423,0.21195652173913043,0.023537597639319504,True
151,hgb,band,16,True,"{'max_depth': 2, 'learning_rate': 0.06, 'max_iter': 300}",16,0.0,0.01144640998959423,0.21195652173913043,0.023537597639319504,True
152,hgb,band,16,True,"{'max_depth': 3, 'learning_rate': 0.03, 'max_iter': 300}",16,0.0,0.01144640998959423,0.21195652173913043,0.023537597639319504,True
153,hgb,cluster_band,8,True,"{'max_depth': 2, 'learning_rate': 0.1, 'max_iter': 300}",8,0.0,0.01144640998959423,0.21195652173913043,0.023537597639319504,True
154,hgb,cluster_band,8,True,"{'max_depth': 4, 'learning_rate': 0.03, 'max_iter': 500}",8,0.0,0.01144640998959423,0.21195652173913043,0.023537597639319504,True
155,hgb,cluster_band,16,True,"{'max_depth': 4, 'learning_rate': 0.1, 'max_iter': 100}",16,0.0,0.01144640998959423,0.21195652173913043,0.023537597639319504,True
156,hgb,combo,"(8, 0.9)",True,"{'max_depth': 2, 'learning_rate': 0.1, 'max_iter': 150}",12,0.0,0.01144640998959423,0.21195652173913043,0.023537597639319504,True
157,hgb,combo,"(8, 0.9)",True,"{'max_depth': 4, 'learning_rate': 0.06, 'max_iter': 300}",12,0.0,0.01144640998959423,0.21195652173913043,0.023537597639319504,True
158,logreg,combo,"(8, 0.9)",True,{'C': 3.0},12,0.0,0.01144640998959423,0.21195652173913043,0.023537597639319504,True
159,hgb,radiomics1d,8,True,"{'max_depth': 4, 'learning_rate': 0.03, 'max_iter': 100}",18,0.0,0.01144640998959423,0.21195652173913043,0.023537597639319504,True
160,logreg,band,4,True,,4,0.0,0.010405827263267442,0.2115732368896926,0.023537597639319504,True
161,hgb,pca,0.9,True,"{'max_depth': 4, 'learning_rate': 0.03, 'max_iter': 150}",4,0.0,0.010405827263267442,0.2115732368896926,0.023537597639319504,True
162,hgb,pca,0.95,True,"{'max_depth': 3, 'learning_rate': 0.06, 'max_iter': 100}",6,0.0,0.010405827263267442,0.2115732368896926,0.023537597639319504,True
163,hgb,band,32,True,"{'max_depth': 2, 'learning_rate': 0.03, 'max_iter': 150}",32,0.0,0.010405827263267442,0.2115732368896926,0.023537597639319504,True
164,hgb,cluster_band,8,True,"{'max_depth': 2, 'learning_rate': 0.03, 'max_iter': 500}",8,0.0,0.010405827263267442,0.2115732368896926,0.023537597639319504,True
165,hgb,cluster_band,8,True,"{'max_depth': 2, 'learning_rate': 0.06, 'max_iter': 150}",8,0.0,0.010405827263267442,0.2115732368896926,0.023537597639319504,True
166,hgb,cluster_band,8,True,"{'max_depth': 4, 'learning_rate': 0.15, 'max_iter': 300}",8,0.0,0.010405827263267442,0.2115732368896926,0.023537597639319504,True
167,hgb,cluster_band,8,True,"{'max_depth': 4, 'learning_rate': 0.15, 'max_iter': 500}",8,0.0,0.010405827263267442,0.2115732368896926,0.023537597639319504,True
168,hgb,combo,"(8, 0.9)",True,"{'max_depth': 3, 'learning_rate': 0.1, 'max_iter': 100}",12,0.0,0.010405827263267442,0.2115732368896926,0.023537597639319504,True
169,logreg,pca,0.9,True,,4,0.0,0.009365244536940764,0.2111913357400722,0.023537597639319504,True
170,hgb,band,32,True,,32,0.0,0.009365244536940764,0.2111913357400722,0.023537597639319504,True
171,logreg,combo,"(8, 0.9)",True,,12,0.0,0.009365244536940764,0.2111913357400722,0.023537597639319504,True
172,hgb,pca,0.9,True,"{'max_depth': 3, 'learning_rate': 0.15, 'max_iter': 300}",4,0.0,0.009365244536940764,0.2111913357400722,0.023537597639319504,True
173,logreg,pca,0.9,True,{'C': 0.3},4,0.0,0.009365244536940764,0.2111913357400722,0.023537597639319504,True
174,hgb,band,32,True,"{'max_depth': 3, 'learning_rate': 0.03, 'max_iter': 100}",32,0.0,0.009365244536940764,0.2111913357400722,0.023537597639319504,True
175,hgb,band,32,True,"{'max_depth': 4, 'learning_rate': 0.15, 'max_iter': 100}",32,0.0,0.009365244536940764,0.2111913357400722,0.023537597639319504,True
176,hgb,cluster_band,8,True,"{'max_depth': 2, 'learning_rate': 0.06, 'max_iter': 300}",8,0.0,0.009365244536940764,0.2111913357400722,0.023537597639319504,True
177,hgb,cluster_band,8,True,"{'max_depth': 2, 'learning_rate': 0.06, 'max_iter': 500}",8,0.0,0.009365244536940764,0.2111913357400722,0.023537597639319504,True
178,hgb,cluster_band,16,True,"{'max_depth': 2, 'learning_rate': 0.15, 'max_iter': 500}",16,0.0,0.009365244536940764,0.2111913357400722,0.023537597639319504,True
179,hgb,combo,"(8, 0.9)",True,"{'max_depth': 2, 'learning_rate': 0.06, 'max_iter': 500}",12,0.0,0.009365244536940764,0.2111913357400722,0.023537597639319504,True
180,hgb,combo,"(8, 0.9)",True,"{'max_depth': 2, 'learning_rate': 0.1, 'max_iter': 100}",12,0.0,0.009365244536940764,0.2111913357400722,0.023537597639319504,True
181,hgb,combo,"(8, 0.9)",True,"{'max_depth': 3, 'learning_rate': 0.03, 'max_iter': 100}",12,0.0,0.009365244536940764,0.2111913357400722,0.023537597639319504,True
182,hgb,combo,"(8, 0.9)",True,"{'max_depth': 4, 'learning_rate': 0.15, 'max_iter': 100}",12,0.0,0.009365244536940764,0.2111913357400722,0.023537597639319504,True
183,logreg,combo,"(8, 0.9)",True,{'C': 0.3},12,0.0,0.009365244536940764,0.2111913357400722,0.023537597639319504,True
184,hgb,combo,"(8, 0.9)",True,,12,0.0,0.008324661810613976,0.21081081081081082,0.023537597639319504,True
185,hgb,pca,0.9,True,"{'max_depth': 2, 'learning_rate': 0.03, 'max_iter': 150}",4,0.0,0.008324661810613976,0.21081081081081082,0.023537597639319504,True
186,hgb,pca,0.9,True,"{'max_depth': 2, 'learning_rate': 0.06, 'max_iter': 150}",4,0.0,0.008324661810613976,0.21081081081081082,0.023537597639319504,True
187,hgb,pca,0.95,True,"{'max_depth': 4, 'learning_rate': 0.03, 'max_iter': 100}",6,0.0,0.008324661810613976,0.21081081081081082,0.023537597639319504,True
188,hgb,band,4,True,"{'max_depth': 4, 'learning_rate': 0.06, 'max_iter': 300}",4,0.0,0.008324661810613976,0.21081081081081082,0.023537597639319504,True
189,hgb,band,4,True,"{'max_depth': 4, 'learning_rate': 0.06, 'max_iter': 500}",4,0.0,0.008324661810613976,0.21081081081081082,0.023537597639319504,True
190,hgb,band,8,True,"{'max_depth': 2, 'learning_rate': 0.03, 'max_iter': 100}",8,0.0,0.008324661810613976,0.21081081081081082,0.023537597639319504,True
191,hgb,band,8,True,"{'max_depth': 2, 'learning_rate': 0.06, 'max_iter': 100}",8,0.0,0.008324661810613976,0.21081081081081082,0.023537597639319504,True
192,hgb,band,8,True,"{'max_depth': 2, 'learning_rate': 0.1, 'max_iter': 100}",8,0.0,0.008324661810613976,0.21081081081081082,0.023537597639319504,True
193,hgb,band,16,True,"{'max_depth': 3, 'learning_rate': 0.1, 'max_iter': 150}",16,0.0,0.008324661810613976,0.21081081081081082,0.023537597639319504,True
194,logreg,band,32,True,{'C': 0.3},32,0.0,0.008324661810613976,0.21081081081081082,0.023537597639319504,True
195,hgb,cluster_band,8,True,"{'max_depth': 4, 'learning_rate': 0.1, 'max_iter': 500}",8,0.0,0.008324661810613976,0.21081081081081082,0.023537597639319504,True
196,hgb,cluster_band,16,True,"{'max_depth': 2, 'learning_rate': 0.1, 'max_iter': 500}",16,0.0,0.008324661810613976,0.21081081081081082,0.023537597639319504,True
197,hgb,cluster_band,16,True,"{'max_depth': 4, 'learning_rate': 0.15, 'max_iter': 500}",16,0.0,0.008324661810613976,0.21081081081081082,0.023537597639319504,True
198,hgb,combo,"(8, 0.9)",True,"{'max_depth': 4, 'learning_rate': 0.03, 'max_iter': 150}",12,0.0,0.008324661810613976,0.21081081081081082,0.023537597639319504,True
199,hgb,combo,"(8, 0.9)",True,"{'max_depth': 4, 'learning_rate': 0.06, 'max_iter': 150}",12,0.0,0.008324661810613976,0.21081081081081082,0.023537597639319504,True
200,hgb,radiomics1d,8,True,"{'max_depth': 2, 'learning_rate': 0.06, 'max_iter': 100}",18,0.0,0.008324661810613976,0.21081081081081082,0.023537597639319504,True
201,hgb,band,8,True,"{'max_depth': 2, 'learning_rate': 0.06, 'max_iter': 500}",8,0.0,0.007284079084287187,0.210431654676259,0.023537597639319504,True
202,hgb,band,16,True,"{'max_depth': 2, 'learning_rate': 0.1, 'max_iter': 150}",16,0.0,0.007284079084287187,0.210431654676259,0.023537597639319504,True
203,hgb,band,16,True,"{'max_depth': 4, 'learning_rate': 0.03, 'max_iter': 300}",16,0.0,0.007284079084287187,0.210431654676259,0.023537597639319504,True
204,hgb,cluster_band,16,True,"{'max_depth': 3, 'learning_rate': 0.15, 'max_iter': 300}",16,0.0,0.007284079084287187,0.210431654676259,0.023537597639319504,True
205,hgb,cluster_band,16,True,"{'max_depth': 4, 'learning_rate': 0.06, 'max_iter': 100}",16,0.0,0.007284079084287187,0.210431654676259,0.023537597639319504,True
206,hgb,cluster_band,16,True,"{'max_depth': 4, 'learning_rate': 0.15, 'max_iter': 300}",16,0.0,0.007284079084287187,0.210431654676259,0.023537597639319504,True
207,hgb,combo,"(8, 0.9)",True,"{'max_depth': 2, 'learning_rate': 0.1, 'max_iter': 500}",12,0.0,0.007284079084287187,0.210431654676259,0.023537597639319504,True
208,hgb,combo,"(8, 0.9)",True,"{'max_depth': 3, 'learning_rate': 0.06, 'max_iter': 100}",12,0.0,0.007284079084287187,0.210431654676259,0.023537597639319504,True
209,hgb,combo,"(8, 0.9)",True,"{'max_depth': 3, 'learning_rate': 0.15, 'max_iter': 100}",12,0.0,0.007284079084287187,0.210431654676259,0.023537597639319504,True
210,hgb,radiomics1d,8,True,"{'max_depth': 2, 'learning_rate': 0.03, 'max_iter': 100}",18,0.0,0.007284079084287187,0.210431654676259,0.023537597639319504,True
211,hgb,radiomics1d,8,True,"{'max_depth': 2, 'learning_rate': 0.06, 'max_iter': 300}",18,0.0,0.007284079084287187,0.210431654676259,0.023537597639319504,True
212,hgb,radiomics1d,8,True,"{'max_depth': 2, 'learning_rate': 0.15, 'max_iter': 100}",18,0.0,0.007284079084287187,0.210431654676259,0.023537597639319504,True
213,hgb,pca,0.95,True,,6,0.0,0.00624349635796051,0.21005385996409337,0.023537597639319504,True
214,hgb,pca,0.9,True,"{'max_depth': 2, 'learning_rate': 0.06, 'max_iter': 100}",4,0.0,0.00624349635796051,0.21005385996409337,0.023537597639319504,True
215,hgb,pca,0.9,True,"{'max_depth': 4, 'learning_rate': 0.1, 'max_iter': 300}",4,0.0,0.00624349635796051,0.21005385996409337,0.023537597639319504,True
216,hgb,pca,0.95,True,"{'max_depth': 2, 'learning_rate': 0.15, 'max_iter': 100}",6,0.0,0.00624349635796051,0.21005385996409337,0.023537597639319504,True
217,hgb,band,4,True,"{'max_depth': 4, 'learning_rate': 0.03, 'max_iter': 150}",4,0.0,0.00624349635796051,0.21005385996409337,0.023537597639319504,True
218,hgb,band,8,True,"{'max_depth': 2, 'learning_rate': 0.06, 'max_iter': 150}",8,0.0,0.00624349635796051,0.21005385996409337,0.023537597639319504,True
219,hgb,band,8,True,"{'max_depth': 2, 'learning_rate': 0.1, 'max_iter': 300}",8,0.0,0.00624349635796051,0.21005385996409337,0.023537597639319504,True
220,logreg,band,16,True,{'C': 0.3},16,0.0,0.00624349635796051,0.21005385996409337,0.023537597639319504,True
221,hgb,band,32,True,"{'max_depth': 3, 'learning_rate': 0.03, 'max_iter': 150}",32,0.0,0.00624349635796051,0.21005385996409337,0.023537597639319504,True
222,hgb,cluster_band,16,True,"{'max_depth': 2, 'learning_rate': 0.06, 'max_iter': 150}",16,0.0,0.00624349635796051,0.21005385996409337,0.023537597639319504,True
223,hgb,cluster_band,16,True,"{'max_depth': 4, 'learning_rate': 0.06, 'max_iter': 300}",16,0.0,0.00624349635796051,0.21005385996409337,0.023537597639319504,True
224,hgb,cluster_band,16,True,"{'max_depth': 4, 'learning_rate': 0.1, 'max_iter': 500}",16,0.0,0.00624349635796051,0.21005385996409337,0.023537597639319504,True
225,logreg,cluster_band,16,True,{'C': 0.3},16,0.0,0.00624349635796051,0.21005385996409337,0.023537597639319504,True
226,hgb,combo,"(8, 0.9)",True,"{'max_depth': 2, 'learning_rate': 0.1, 'max_iter': 300}",12,0.0,0.00624349635796051,0.21005385996409337,0.023537597639319504,True
227,hgb,combo,"(8, 0.9)",True,"{'max_depth': 2, 'learning_rate': 0.15, 'max_iter': 150}",12,0.0,0.00624349635796051,0.21005385996409337,0.023537597639319504,True
228,hgb,radiomics1d,8,True,"{'max_depth': 2, 'learning_rate': 0.03, 'max_iter': 150}",18,0.0,0.00624349635796051,0.21005385996409337,0.023537597639319504,True
229,hgb,radiomics1d,8,True,"{'max_depth': 2, 'learning_rate': 0.03, 'max_iter': 500}",18,0.0,0.00624349635796051,0.21005385996409337,0.023537597639319504,True
230,hgb,radiomics1d,8,True,"{'max_depth': 2, 'learning_rate': 0.15, 'max_iter': 300}",18,0.0,0.00624349635796051,0.21005385996409337,0.023537597639319504,True
231,hgb,radiomics1d,8,True,"{'max_depth': 3, 'learning_rate': 0.1, 'max_iter': 100}",18,0.0,0.00624349635796051,0.21005385996409337,0.023537597639319504,True
232,hgb,pca,0.9,True,"{'max_depth': 2, 'learning_rate': 0.03, 'max_iter': 300}",4,0.0,0.005202913631633721,0.20967741935483872,0.023537597639319504,True
233,hgb,pca,0.9,True,"{'max_depth': 2, 'learning_rate': 0.15, 'max_iter': 300}",4,0.0,0.005202913631633721,0.20967741935483872,0.023537597639319504,True
234,hgb,pca,0.9,True,"{'max_depth': 4, 'learning_rate': 0.1, 'max_iter': 100}",4,0.0,0.005202913631633721,0.20967741935483872,0.023537597639319504,True
235,hgb,pca,0.9,True,"{'max_depth': 4, 'learning_rate': 0.1, 'max_iter': 150}",4,0.0,0.005202913631633721,0.20967741935483872,0.023537597639319504,True
236,hgb,pca,0.9,True,"{'max_depth': 4, 'learning_rate': 0.1, 'max_iter': 500}",4,0.0,0.005202913631633721,0.20967741935483872,0.023537597639319504,True
237,hgb,pca,0.95,True,"{'max_depth': 2, 'learning_rate': 0.03, 'max_iter': 150}",6,0.0,0.005202913631633721,0.20967741935483872,0.023537597639319504,True
238,hgb,pca,0.95,True,"{'max_depth': 2, 'learning_rate': 0.15, 'max_iter': 150}",6,0.0,0.005202913631633721,0.20967741935483872,0.023537597639319504,True
239,hgb,band,4,True,"{'max_depth': 3, 'learning_rate': 0.03, 'max_iter': 100}",4,0.0,0.005202913631633721,0.20967741935483872,0.023537597639319504,True
240,hgb,band,4,True,"{'max_depth': 4, 'learning_rate': 0.06, 'max_iter': 100}",4,0.0,0.005202913631633721,0.20967741935483872,0.023537597639319504,True
241,hgb,band,8,True,"{'max_depth': 2, 'learning_rate': 0.1, 'max_iter': 150}",8,0.0,0.005202913631633721,0.20967741935483872,0.023537597639319504,True
242,hgb,band,8,True,"{'max_depth': 2, 'learning_rate': 0.15, 'max_iter': 100}",8,0.0,0.005202913631633721,0.20967741935483872,0.023537597639319504,True
243,hgb,band,8,True,"{'max_depth': 3, 'learning_rate': 0.03, 'max_iter': 100}",8,0.0,0.005202913631633721,0.20967741935483872,0.023537597639319504,True
244,logreg,band,8,True,{'C': 0.3},8,0.0,0.005202913631633721,0.20967741935483872,0.023537597639319504,True
245,hgb,band,16,True,"{'max_depth': 2, 'learning_rate': 0.15, 'max_iter': 100}",16,0.0,0.005202913631633721,0.20967741935483872,0.023537597639319504,True
246,hgb,band,16,True,"{'max_depth': 3, 'learning_rate': 0.06, 'max_iter': 300}",16,0.0,0.005202913631633721,0.20967741935483872,0.023537597639319504,True
247,hgb,band,16,True,"{'max_depth': 3, 'learning_rate': 0.15, 'max_iter': 150}",16,0.0,0.005202913631633721,0.20967741935483872,0.023537597639319504,True
248,hgb,band,16,True,"{'max_depth': 4, 'learning_rate': 0.15, 'max_iter': 150}",16,0.0,0.005202913631633721,0.20967741935483872,0.023537597639319504,True
249,logreg,band,16,True,{'C': 0.1},16,0.0,0.005202913631633721,0.20967741935483872,0.023537597639319504,True
250,hgb,band,32,True,"{'max_depth': 3, 'learning_rate': 0.03, 'max_iter': 300}",32,0.0,0.005202913631633721,0.20967741935483872,0.023537597639319504,True
251,hgb,band,32,True,"{'max_depth': 4, 'learning_rate': 0.03, 'max_iter': 300}",32,0.0,0.005202913631633721,0.20967741935483872,0.023537597639319504,True
252,hgb,band,32,True,"{'max_depth': 4, 'learning_rate': 0.03, 'max_iter': 500}",32,0.0,0.005202913631633721,0.20967741935483872,0.023537597639319504,True
253,hgb,band,32,True,"{'max_depth': 4, 'learning_rate': 0.06, 'max_iter': 150}",32,0.0,0.005202913631633721,0.20967741935483872,0.023537597639319504,True
254,logreg,band,32,True,{'C': 0.1},32,0.0,0.005202913631633721,0.20967741935483872,0.023537597639319504,True
255,logreg,cluster_band,8,True,{'C': 0.1},8,0.0,0.005202913631633721,0.20967741935483872,0.023537597639319504,True
256,logreg,cluster_band,8,True,{'C': 0.3},8,0.0,0.005202913631633721,0.20967741935483872,0.023537597639319504,True
257,hgb,cluster_band,16,True,"{'max_depth': 3, 'learning_rate': 0.06, 'max_iter': 500}",16,0.0,0.005202913631633721,0.20967741935483872,0.023537597639319504,True
258,hgb,cluster_band,16,True,"{'max_depth': 3, 'learning_rate': 0.1, 'max_iter': 300}",16,0.0,0.005202913631633721,0.20967741935483872,0.023537597639319504,True
259,hgb,cluster_band,16,True,"{'max_depth': 3, 'learning_rate': 0.15, 'max_iter': 500}",16,0.0,0.005202913631633721,0.20967741935483872,0.023537597639319504,True
260,hgb,cluster_band,16,True,"{'max_depth': 4, 'learning_rate': 0.06, 'max_iter': 500}",16,0.0,0.005202913631633721,0.20967741935483872,0.023537597639319504,True
261,logreg,cluster_band,16,True,{'C': 0.1},16,0.0,0.005202913631633721,0.20967741935483872,0.023537597639319504,True
262,hgb,combo,"(8, 0.9)",True,"{'max_depth': 2, 'learning_rate': 0.15, 'max_iter': 500}",12,0.0,0.005202913631633721,0.20967741935483872,0.023537597639319504,True
263,hgb,combo,"(8, 0.9)",True,"{'max_depth': 4, 'learning_rate': 0.06, 'max_iter': 500}",12,0.0,0.005202913631633721,0.20967741935483872,0.023537597639319504,True
264,hgb,radiomics1d,8,True,"{'max_depth': 2, 'learning_rate': 0.15, 'max_iter': 150}",18,0.0,0.005202913631633721,0.20967741935483872,0.023537597639319504,True
265,hgb,pca,0.9,True,"{'max_depth': 2, 'learning_rate': 0.06, 'max_iter': 500}",4,0.0,0.004162330905307043,0.20930232558139536,0.023537597639319504,True
266,hgb,pca,0.9,True,"{'max_depth': 2, 'learning_rate': 0.1, 'max_iter': 100}",4,0.0,0.004162330905307043,0.20930232558139536,0.023537597639319504,True
267,hgb,pca,0.9,True,"{'max_depth': 3, 'learning_rate': 0.1, 'max_iter': 300}",4,0.0,0.004162330905307043,0.20930232558139536,0.023537597639319504,True
268,hgb,pca,0.95,True,"{'max_depth': 2, 'learning_rate': 0.1, 'max_iter': 150}",6,0.0,0.004162330905307043,0.20930232558139536,0.023537597639319504,True
269,hgb,pca,0.95,True,"{'max_depth': 3, 'learning_rate': 0.03, 'max_iter': 150}",6,0.0,0.004162330905307043,0.20930232558139536,0.023537597639319504,True
270,hgb,pca,0.95,True,"{'max_depth': 3, 'learning_rate': 0.03, 'max_iter': 300}",6,0.0,0.004162330905307043,0.20930232558139536,0.023537597639319504,True
271,hgb,pca,0.95,True,"{'max_depth': 3, 'learning_rate': 0.03, 'max_iter': 500}",6,0.0,0.004162330905307043,0.20930232558139536,0.023537597639319504,True
272,hgb,pca,0.95,True,"{'max_depth': 3, 'learning_rate': 0.06, 'max_iter': 500}",6,0.0,0.004162330905307043,0.20930232558139536,0.023537597639319504,True
273,hgb,pca,0.95,True,"{'max_depth': 4, 'learning_rate': 0.03, 'max_iter': 150}",6,0.0,0.004162330905307043,0.20930232558139536,0.023537597639319504,True
274,hgb,pca,0.95,True,"{'max_depth': 4, 'learning_rate': 0.03, 'max_iter': 300}",6,0.0,0.004162330905307043,0.20930232558139536,0.023537597639319504,True
275,hgb,band,4,True,"{'max_depth': 4, 'learning_rate': 0.03, 'max_iter': 500}",4,0.0,0.004162330905307043,0.20930232558139536,0.023537597639319504,True
276,logreg,band,4,True,{'C': 0.1},4,0.0,0.004162330905307043,0.20930232558139536,0.023537597639319504,True
277,logreg,band,4,True,{'C': 0.3},4,0.0,0.004162330905307043,0.20930232558139536,0.023537597639319504,True
278,hgb,band,8,True,"{'max_depth': 3, 'learning_rate': 0.03, 'max_iter': 150}",8,0.0,0.004162330905307043,0.20930232558139536,0.023537597639319504,True
279,hgb,band,8,True,"{'max_depth': 3, 'learning_rate': 0.03, 'max_iter': 300}",8,0.0,0.004162330905307043,0.20930232558139536,0.023537597639319504,True
280,hgb,band,8,True,"{'max_depth': 3, 'learning_rate': 0.1, 'max_iter': 100}",8,0.0,0.004162330905307043,0.20930232558139536,0.023537597639319504,True
281,hgb,band,8,True,"{'max_depth': 4, 'learning_rate': 0.06, 'max_iter': 100}",8,0.0,0.004162330905307043,0.20930232558139536,0.023537597639319504,True
282,logreg,band,8,True,{'C': 0.1},8,0.0,0.004162330905307043,0.20930232558139536,0.023537597639319504,True
283,hgb,band,16,True,"{'max_depth': 3, 'learning_rate': 0.1, 'max_iter': 300}",16,0.0,0.004162330905307043,0.20930232558139536,0.023537597639319504,True
284,hgb,band,16,True,"{'max_depth': 3, 'learning_rate': 0.15, 'max_iter': 100}",16,0.0,0.004162330905307043,0.20930232558139536,0.023537597639319504,True
285,hgb,band,16,True,"{'max_depth': 4, 'learning_rate': 0.06, 'max_iter': 100}",16,0.0,0.004162330905307043,0.20930232558139536,0.023537597639319504,True
286,hgb,band,32,True,"{'max_depth': 2, 'learning_rate': 0.15, 'max_iter': 100}",32,0.0,0.004162330905307043,0.20930232558139536,0.023537597639319504,True
287,hgb,cluster_band,16,True,"{'max_depth': 3, 'learning_rate': 0.1, 'max_iter': 500}",16,0.0,0.004162330905307043,0.20930232558139536,0.023537597639319504,True
288,hgb,cluster_band,16,True,"{'max_depth': 4, 'learning_rate': 0.1, 'max_iter': 300}",16,0.0,0.004162330905307043,0.20930232558139536,0.023537597639319504,True
289,hgb,cluster_band,16,True,"{'max_depth': 4, 'learning_rate': 0.15, 'max_iter': 150}",16,0.0,0.004162330905307043,0.20930232558139536,0.023537597639319504,True
290,hgb,combo,"(8, 0.9)",True,"{'max_depth': 3, 'learning_rate': 0.03, 'max_iter': 500}",12,0.0,0.004162330905307043,0.20930232558139536,0.023537597639319504,True
291,hgb,combo,"(8, 0.9)",True,"{'max_depth': 3, 'learning_rate': 0.1, 'max_iter': 150}",12,0.0,0.004162330905307043,0.20930232558139536,0.023537597639319504,True
292,hgb,combo,"(8, 0.9)",True,"{'max_depth': 4, 'learning_rate': 0.1, 'max_iter': 150}",12,0.0,0.004162330905307043,0.20930232558139536,0.023537597639319504,True
293,hgb,radiomics1d,8,True,"{'max_depth': 2, 'learning_rate': 0.06, 'max_iter': 500}",18,0.0,0.004162330905307043,0.20930232558139536,0.023537597639319504,True
294,hgb,radiomics1d,8,True,"{'max_depth': 2, 'learning_rate': 0.1, 'max_iter': 300}",18,0.0,0.004162330905307043,0.20930232558139536,0.023537597639319504,True
295,hgb,radiomics1d,8,True,"{'max_depth': 3, 'learning_rate': 0.1, 'max_iter': 150}",18,0.0,0.004162330905307043,0.20930232558139536,0.023537597639319504,True
296,hgb,radiomics1d,8,True,"{'max_depth': 4, 'learning_rate': 0.06, 'max_iter': 500}",18,0.0,0.004162330905307043,0.20930232558139536,0.023537597639319504,True
297,hgb,band,16,True,,16,0.0,0.003121748178980255,0.20892857142857144,0.023537597639319504,True
298,hgb,pca,0.9,True,"{'max_depth': 2, 'learning_rate': 0.15, 'max_iter': 100}",4,0.0,0.003121748178980255,0.20892857142857144,0.023537597639319504,True
299,hgb,pca,0.9,True,"{'max_depth': 2, 'learning_rate': 0.15, 'max_iter': 500}",4,0.0,0.003121748178980255,0.20892857142857144,0.023537597639319504,True
300,hgb,pca,0.9,True,"{'max_depth': 3, 'learning_rate': 0.03, 'max_iter': 150}",4,0.0,0.003121748178980255,0.20892857142857144,0.023537597639319504,True
301,hgb,pca,0.9,True,"{'max_depth': 3, 'learning_rate': 0.03, 'max_iter': 300}",4,0.0,0.003121748178980255,0.20892857142857144,0.023537597639319504,True
302,hgb,pca,0.9,True,"{'max_depth': 3, 'learning_rate': 0.06, 'max_iter': 500}",4,0.0,0.003121748178980255,0.20892857142857144,0.023537597639319504,True
303,hgb,pca,0.9,True,"{'max_depth': 3, 'learning_rate': 0.1, 'max_iter': 150}",4,0.0,0.003121748178980255,0.20892857142857144,0.023537597639319504,True
304,hgb,pca,0.9,True,"{'max_depth': 3, 'learning_rate': 0.1, 'max_iter': 500}",4,0.0,0.003121748178980255,0.20892857142857144,0.023537597639319504,True
305,hgb,pca,0.9,True,"{'max_depth': 3, 'learning_rate': 0.15, 'max_iter': 150}",4,0.0,0.003121748178980255,0.20892857142857144,0.023537597639319504,True
306,hgb,pca,0.9,True,"{'max_depth': 4, 'learning_rate': 0.03, 'max_iter': 500}",4,0.0,0.003121748178980255,0.20892857142857144,0.023537597639319504,True
307,hgb,pca,0.9,True,"{'max_depth': 4, 'learning_rate': 0.15, 'max_iter': 500}",4,0.0,0.003121748178980255,0.20892857142857144,0.023537597639319504,True
308,hgb,pca,0.95,True,"{'max_depth': 2, 'learning_rate': 0.06, 'max_iter': 100}",6,0.0,0.003121748178980255,0.20892857142857144,0.023537597639319504,True
309,hgb,pca,0.95,True,"{'max_depth': 2, 'learning_rate': 0.06, 'max_iter': 150}",6,0.0,0.003121748178980255,0.20892857142857144,0.023537597639319504,True
310,hgb,pca,0.95,True,"{'max_depth': 3, 'learning_rate': 0.06, 'max_iter': 300}",6,0.0,0.003121748178980255,0.20892857142857144,0.023537597639319504,True
311,hgb,pca,0.95,True,"{'max_depth': 3, 'learning_rate': 0.15, 'max_iter': 100}",6,0.0,0.003121748178980255,0.20892857142857144,0.023537597639319504,True
312,hgb,pca,0.95,True,"{'max_depth': 3, 'learning_rate': 0.15, 'max_iter': 150}",6,0.0,0.003121748178980255,0.20892857142857144,0.023537597639319504,True
313,hgb,pca,0.95,True,"{'max_depth': 3, 'learning_rate': 0.15, 'max_iter': 300}",6,0.0,0.003121748178980255,0.20892857142857144,0.023537597639319504,True
314,hgb,pca,0.95,True,"{'max_depth': 3, 'learning_rate': 0.15, 'max_iter': 500}",6,0.0,0.003121748178980255,0.20892857142857144,0.023537597639319504,True
315,hgb,pca,0.95,True,"{'max_depth': 4, 'learning_rate': 0.06, 'max_iter': 300}",6,0.0,0.003121748178980255,0.20892857142857144,0.023537597639319504,True
316,hgb,pca,0.95,True,"{'max_depth': 4, 'learning_rate': 0.1, 'max_iter': 150}",6,0.0,0.003121748178980255,0.20892857142857144,0.023537597639319504,True
317,hgb,band,4,True,"{'max_depth': 3, 'learning_rate': 0.03, 'max_iter': 150}",4,0.0,0.003121748178980255,0.20892857142857144,0.023537597639319504,True
318,hgb,band,4,True,"{'max_depth': 3, 'learning_rate': 0.03, 'max_iter': 500}",4,0.0,0.003121748178980255,0.20892857142857144,0.023537597639319504,True
319,hgb,band,4,True,"{'max_depth': 4, 'learning_rate': 0.03, 'max_iter': 100}",4,0.0,0.003121748178980255,0.20892857142857144,0.023537597639319504,True
320,hgb,band,4,True,"{'max_depth': 4, 'learning_rate': 0.1, 'max_iter': 100}",4,0.0,0.003121748178980255,0.20892857142857144,0.023537597639319504,True
321,hgb,band,4,True,"{'max_depth': 4, 'learning_rate': 0.1, 'max_iter': 150}",4,0.0,0.003121748178980255,0.20892857142857144,0.023537597639319504,True
322,hgb,band,4,True,"{'max_depth': 4, 'learning_rate': 0.15, 'max_iter': 100}",4,0.0,0.003121748178980255,0.20892857142857144,0.023537597639319504,True
323,hgb,band,8,True,"{'max_depth': 2, 'learning_rate': 0.03, 'max_iter': 500}",8,0.0,0.003121748178980255,0.20892857142857144,0.023537597639319504,True
324,hgb,band,8,True,"{'max_depth': 2, 'learning_rate': 0.06, 'max_iter': 300}",8,0.0,0.003121748178980255,0.20892857142857144,0.023537597639319504,True
325,hgb,band,8,True,"{'max_depth': 2, 'learning_rate': 0.1, 'max_iter': 500}",8,0.0,0.003121748178980255,0.20892857142857144,0.023537597639319504,True
326,hgb,band,8,True,"{'max_depth': 2, 'learning_rate': 0.15, 'max_iter': 150}",8,0.0,0.003121748178980255,0.20892857142857144,0.023537597639319504,True
327,hgb,band,8,True,"{'max_depth': 2, 'learning_rate': 0.15, 'max_iter': 300}",8,0.0,0.003121748178980255,0.20892857142857144,0.023537597639319504,True
328,hgb,band,8,True,"{'max_depth': 2, 'learning_rate': 0.15, 'max_iter': 500}",8,0.0,0.003121748178980255,0.20892857142857144,0.023537597639319504,True
329,hgb,band,16,True,"{'max_depth': 3, 'learning_rate': 0.15, 'max_iter': 500}",16,0.0,0.003121748178980255,0.20892857142857144,0.023537597639319504,True
330,hgb,band,16,True,"{'max_depth': 4, 'learning_rate': 0.1, 'max_iter': 300}",16,0.0,0.003121748178980255,0.20892857142857144,0.023537597639319504,True
331,hgb,band,16,True,"{'max_depth': 4, 'learning_rate': 0.1, 'max_iter': 500}",16,0.0,0.003121748178980255,0.20892857142857144,0.023537597639319504,True
332,hgb,band,16,True,"{'max_depth': 4, 'learning_rate': 0.15, 'max_iter': 300}",16,0.0,0.003121748178980255,0.20892857142857144,0.023537597639319504,True
333,hgb,band,32,True,"{'max_depth': 2, 'learning_rate': 0.03, 'max_iter': 100}",32,0.0,0.003121748178980255,0.20892857142857144,0.023537597639319504,True
334,hgb,band,32,True,"{'max_depth': 2, 'learning_rate': 0.03, 'max_iter': 300}",32,0.0,0.003121748178980255,0.20892857142857144,0.023537597639319504,True
335,hgb,band,32,True,"{'max_depth': 2, 'learning_rate': 0.06, 'max_iter': 150}",32,0.0,0.003121748178980255,0.20892857142857144,0.023537597639319504,True
336,hgb,band,32,True,"{'max_depth': 3, 'learning_rate': 0.03, 'max_iter': 500}",32,0.0,0.003121748178980255,0.20892857142857144,0.023537597639319504,True
337,hgb,band,32,True,"{'max_depth': 3, 'learning_rate': 0.1, 'max_iter': 100}",32,0.0,0.003121748178980255,0.20892857142857144,0.023537597639319504,True
338,hgb,band,32,True,"{'max_depth': 3, 'learning_rate': 0.15, 'max_iter': 150}",32,0.0,0.003121748178980255,0.20892857142857144,0.023537597639319504,True
339,hgb,band,32,True,"{'max_depth': 4, 'learning_rate': 0.03, 'max_iter': 150}",32,0.0,0.003121748178980255,0.20892857142857144,0.023537597639319504,True
340,hgb,band,32,True,"{'max_depth': 4, 'learning_rate': 0.06, 'max_iter': 300}",32,0.0,0.003121748178980255,0.20892857142857144,0.023537597639319504,True
341,hgb,band,32,True,"{'max_depth': 4, 'learning_rate': 0.1, 'max_iter': 300}",32,0.0,0.003121748178980255,0.20892857142857144,0.023537597639319504,True
342,hgb,band,32,True,"{'max_depth': 4, 'learning_rate': 0.15, 'max_iter': 150}",32,0.0,0.003121748178980255,0.20892857142857144,0.023537597639319504,True
343,hgb,cluster_band,16,True,"{'max_depth': 4, 'learning_rate': 0.06, 'max_iter': 150}",16,0.0,0.003121748178980255,0.20892857142857144,0.023537597639319504,True
344,hgb,cluster_band,16,True,"{'max_depth': 4, 'learning_rate': 0.1, 'max_iter': 150}",16,0.0,0.003121748178980255,0.20892857142857144,0.023537597639319504,True
345,hgb,combo,"(8, 0.9)",True,"{'max_depth': 3, 'learning_rate': 0.1, 'max_iter': 300}",12,0.0,0.003121748178980255,0.20892857142857144,0.023537597639319504,True
346,hgb,combo,"(8, 0.9)",True,"{'max_depth': 4, 'learning_rate': 0.03, 'max_iter': 100}",12,0.0,0.003121748178980255,0.20892857142857144,0.023537597639319504,True
347,hgb,combo,"(8, 0.9)",True,"{'max_depth': 4, 'learning_rate': 0.03, 'max_iter': 300}",12,0.0,0.003121748178980255,0.20892857142857144,0.023537597639319504,True
348,hgb,combo,"(8, 0.9)",True,"{'max_depth': 4, 'learning_rate': 0.1, 'max_iter': 100}",12,0.0,0.003121748178980255,0.20892857142857144,0.023537597639319504,True
349,hgb,radiomics1d,8,True,"{'max_depth': 2, 'learning_rate': 0.1, 'max_iter': 500}",18,0.0,0.003121748178980255,0.20892857142857144,0.023537597639319504,True
350,hgb,radiomics1d,8,True,"{'max_depth': 4, 'learning_rate': 0.06, 'max_iter': 150}",18,0.0,0.003121748178980255,0.20892857142857144,0.023537597639319504,True
351,hgb,pca,0.9,True,,4,0.0,0.002081165452653466,0.20855614973262032,0.023537597639319504,True
352,hgb,pca,0.9,True,"{'max_depth': 2, 'learning_rate': 0.06, 'max_iter': 300}",4,0.0,0.002081165452653466,0.20855614973262032,0.023537597639319504,True
353,hgb,pca,0.9,True,"{'max_depth': 2, 'learning_rate': 0.1, 'max_iter': 150}",4,0.0,0.002081165452653466,0.20855614973262032,0.023537597639319504,True
354,hgb,pca,0.9,True,"{'max_depth': 3, 'learning_rate': 0.03, 'max_iter': 500}",4,0.0,0.002081165452653466,0.20855614973262032,0.023537597639319504,True
355,hgb,pca,0.9,True,"{'max_depth': 3, 'learning_rate': 0.06, 'max_iter': 100}",4,0.0,0.002081165452653466,0.20855614973262032,0.023537597639319504,True
356,hgb,pca,0.9,True,"{'max_depth': 3, 'learning_rate': 0.1, 'max_iter': 100}",4,0.0,0.002081165452653466,0.20855614973262032,0.023537597639319504,True
357,hgb,pca,0.9,True,"{'max_depth': 4, 'learning_rate': 0.03, 'max_iter': 300}",4,0.0,0.002081165452653466,0.20855614973262032,0.023537597639319504,True
358,hgb,pca,0.9,True,"{'max_depth': 4, 'learning_rate': 0.15, 'max_iter': 300}",4,0.0,0.002081165452653466,0.20855614973262032,0.023537597639319504,True
359,hgb,pca,0.95,True,"{'max_depth': 2, 'learning_rate': 0.03, 'max_iter': 300}",6,0.0,0.002081165452653466,0.20855614973262032,0.023537597639319504,True
360,hgb,pca,0.95,True,"{'max_depth': 2, 'learning_rate': 0.06, 'max_iter': 300}",6,0.0,0.002081165452653466,0.20855614973262032,0.023537597639319504,True
361,hgb,pca,0.95,True,"{'max_depth': 2, 'learning_rate': 0.15, 'max_iter': 500}",6,0.0,0.002081165452653466,0.20855614973262032,0.023537597639319504,True
362,hgb,pca,0.95,True,"{'max_depth': 4, 'learning_rate': 0.03, 'max_iter': 500}",6,0.0,0.002081165452653466,0.20855614973262032,0.023537597639319504,True
363,hgb,pca,0.95,True,"{'max_depth': 4, 'learning_rate': 0.06, 'max_iter': 100}",6,0.0,0.002081165452653466,0.20855614973262032,0.023537597639319504,True
364,hgb,pca,0.95,True,"{'max_depth': 4, 'learning_rate': 0.1, 'max_iter': 100}",6,0.0,0.002081165452653466,0.20855614973262032,0.023537597639319504,True
365,hgb,pca,0.95,True,"{'max_depth': 4, 'learning_rate': 0.1, 'max_iter': 500}",6,0.0,0.002081165452653466,0.20855614973262032,0.023537597639319504,True
366,hgb,band,4,True,"{'max_depth': 2, 'learning_rate': 0.03, 'max_iter': 100}",4,0.0,0.002081165452653466,0.20855614973262032,0.023537597639319504,True
367,hgb,band,4,True,"{'max_depth': 3, 'learning_rate': 0.15, 'max_iter': 300}",4,0.0,0.002081165452653466,0.20855614973262032,0.023537597639319504,True
368,hgb,band,4,True,"{'max_depth': 3, 'learning_rate': 0.15, 'max_iter': 500}",4,0.0,0.002081165452653466,0.20855614973262032,0.023537597639319504,True
369,hgb,band,4,True,"{'max_depth': 4, 'learning_rate': 0.03, 'max_iter': 300}",4,0.0,0.002081165452653466,0.20855614973262032,0.023537597639319504,True
370,hgb,band,4,True,"{'max_depth': 4, 'learning_rate': 0.06, 'max_iter': 150}",4,0.0,0.002081165452653466,0.20855614973262032,0.023537597639319504,True
371,hgb,band,8,True,"{'max_depth': 3, 'learning_rate': 0.03, 'max_iter': 500}",8,0.0,0.002081165452653466,0.20855614973262032,0.023537597639319504,True
372,hgb,band,8,True,"{'max_depth': 3, 'learning_rate': 0.06, 'max_iter': 300}",8,0.0,0.002081165452653466,0.20855614973262032,0.023537597639319504,True
373,hgb,band,8,True,"{'max_depth': 3, 'learning_rate': 0.15, 'max_iter': 100}",8,0.0,0.002081165452653466,0.20855614973262032,0.023537597639319504,True
374,hgb,band,8,True,"{'max_depth': 3, 'learning_rate': 0.15, 'max_iter': 150}",8,0.0,0.002081165452653466,0.20855614973262032,0.023537597639319504,True
375,hgb,band,8,True,"{'max_depth': 3, 'learning_rate': 0.15, 'max_iter': 500}",8,0.0,0.002081165452653466,0.20855614973262032,0.023537597639319504,True
376,hgb,band,8,True,"{'max_depth': 4, 'learning_rate': 0.03, 'max_iter': 300}",8,0.0,0.002081165452653466,0.20855614973262032,0.023537597639319504,True
377,hgb,band,8,True,"{'max_depth': 4, 'learning_rate': 0.15, 'max_iter': 100}",8,0.0,0.002081165452653466,0.20855614973262032,0.023537597639319504,True
378,hgb,band,8,True,"{'max_depth': 4, 'learning_rate': 0.15, 'max_iter': 150}",8,0.0,0.002081165452653466,0.20855614973262032,0.023537597639319504,True
379,hgb,band,16,True,"{'max_depth': 2, 'learning_rate': 0.06, 'max_iter': 500}",16,0.0,0.002081165452653466,0.20855614973262032,0.023537597639319504,True
380,hgb,band,16,True,"{'max_depth': 2, 'learning_rate': 0.1, 'max_iter': 300}",16,0.0,0.002081165452653466,0.20855614973262032,0.023537597639319504,True
381,hgb,band,16,True,"{'max_depth': 2, 'learning_rate': 0.15, 'max_iter': 150}",16,0.0,0.002081165452653466,0.20855614973262032,0.023537597639319504,True
382,hgb,band,16,True,"{'max_depth': 3, 'learning_rate': 0.06, 'max_iter': 500}",16,0.0,0.002081165452653466,0.20855614973262032,0.023537597639319504,True
383,hgb,band,16,True,"{'max_depth': 3, 'learning_rate': 0.1, 'max_iter': 500}",16,0.0,0.002081165452653466,0.20855614973262032,0.023537597639319504,True
384,hgb,band,16,True,"{'max_depth': 3, 'learning_rate': 0.15, 'max_iter': 300}",16,0.0,0.002081165452653466,0.20855614973262032,0.023537597639319504,True
385,hgb,band,16,True,"{'max_depth': 4, 'learning_rate': 0.06, 'max_iter': 300}",16,0.0,0.002081165452653466,0.20855614973262032,0.023537597639319504,True
386,hgb,band,16,True,"{'max_depth': 4, 'learning_rate': 0.06, 'max_iter': 500}",16,0.0,0.002081165452653466,0.20855614973262032,0.023537597639319504,True
387,hgb,band,16,True,"{'max_depth': 4, 'learning_rate': 0.15, 'max_iter': 500}",16,0.0,0.002081165452653466,0.20855614973262032,0.023537597639319504,True
388,hgb,band,32,True,"{'max_depth': 2, 'learning_rate': 0.03, 'max_iter': 500}",32,0.0,0.002081165452653466,0.20855614973262032,0.023537597639319504,True
389,hgb,band,32,True,"{'max_depth': 2, 'learning_rate': 0.06, 'max_iter': 300}",32,0.0,0.002081165452653466,0.20855614973262032,0.023537597639319504,True
390,hgb,band,32,True,"{'max_depth': 2, 'learning_rate': 0.06, 'max_iter': 500}",32,0.0,0.002081165452653466,0.20855614973262032,0.023537597639319504,True
391,hgb,band,32,True,"{'max_depth': 2, 'learning_rate': 0.1, 'max_iter': 100}",32,0.0,0.002081165452653466,0.20855614973262032,0.023537597639319504,True
392,hgb,band,32,True,"{'max_depth': 2, 'learning_rate': 0.15, 'max_iter': 150}",32,0.0,0.002081165452653466,0.20855614973262032,0.023537597639319504,True
393,hgb,band,32,True,"{'max_depth': 4, 'learning_rate': 0.03, 'max_iter': 100}",32,0.0,0.002081165452653466,0.20855614973262032,0.023537597639319504,True
394,hgb,band,32,True,"{'max_depth': 4, 'learning_rate': 0.06, 'max_iter': 500}",32,0.0,0.002081165452653466,0.20855614973262032,0.023537597639319504,True
395,hgb,band,32,True,"{'max_depth': 4, 'learning_rate': 0.1, 'max_iter': 100}",32,0.0,0.002081165452653466,0.20855614973262032,0.023537597639319504,True
396,hgb,band,32,True,"{'max_depth': 4, 'learning_rate': 0.1, 'max_iter': 500}",32,0.0,0.002081165452653466,0.20855614973262032,0.023537597639319504,True
397,hgb,band,32,True,"{'max_depth': 4, 'learning_rate': 0.15, 'max_iter': 300}",32,0.0,0.002081165452653466,0.20855614973262032,0.023537597639319504,True
398,hgb,combo,"(8, 0.9)",True,"{'max_depth': 2, 'learning_rate': 0.15, 'max_iter': 300}",12,0.0,0.002081165452653466,0.20855614973262032,0.023537597639319504,True
399,hgb,combo,"(8, 0.9)",True,"{'max_depth': 3, 'learning_rate': 0.1, 'max_iter': 500}",12,0.0,0.002081165452653466,0.20855614973262032,0.023537597639319504,True
400,hgb,combo,"(8, 0.9)",True,"{'max_depth': 3, 'learning_rate': 0.15, 'max_iter': 150}",12,0.0,0.002081165452653466,0.20855614973262032,0.023537597639319504,True
401,hgb,combo,"(8, 0.9)",True,"{'max_depth': 3, 'learning_rate': 0.15, 'max_iter': 300}",12,0.0,0.002081165452653466,0.20855614973262032,0.023537597639319504,True
402,hgb,combo,"(8, 0.9)",True,"{'max_depth': 4, 'learning_rate': 0.06, 'max_iter': 100}",12,0.0,0.002081165452653466,0.20855614973262032,0.023537597639319504,True
403,hgb,combo,"(8, 0.9)",True,"{'max_depth': 4, 'learning_rate': 0.1, 'max_iter': 300}",12,0.0,0.002081165452653466,0.20855614973262032,0.023537597639319504,True
404,hgb,combo,"(8, 0.9)",True,"{'max_depth': 4, 'learning_rate': 0.15, 'max_iter': 300}",12,0.0,0.002081165452653466,0.20855614973262032,0.023537597639319504,True
405,hgb,combo,"(8, 0.9)",True,"{'max_depth': 4, 'learning_rate': 0.15, 'max_iter': 500}",12,0.0,0.002081165452653466,0.20855614973262032,0.023537597639319504,True
406,hgb,radiomics1d,8,True,"{'max_depth': 2, 'learning_rate': 0.15, 'max_iter': 500}",18,0.0,0.002081165452653466,0.20855614973262032,0.023537597639319504,True
407,hgb,radiomics1d,8,True,"{'max_depth': 3, 'learning_rate': 0.06, 'max_iter': 300}",18,0.0,0.002081165452653466,0.20855614973262032,0.023537597639319504,True
408,hgb,radiomics1d,8,True,"{'max_depth': 4, 'learning_rate': 0.03, 'max_iter': 300}",18,0.0,0.002081165452653466,0.20855614973262032,0.023537597639319504,True
409,hgb,radiomics1d,8,True,"{'max_depth': 4, 'learning_rate': 0.03, 'max_iter': 500}",18,0.0,0.002081165452653466,0.20855614973262032,0.023537597639319504,True
410,hgb,radiomics1d,8,True,"{'max_depth': 4, 'learning_rate': 0.06, 'max_iter': 300}",18,0.0,0.002081165452653466,0.20855614973262032,0.023537597639319504,True
411,hgb,radiomics1d,8,True,"{'max_depth': 4, 'learning_rate': 0.15, 'max_iter': 500}",18,0.0,0.002081165452653466,0.20855614973262032,0.023537597639319504,True
412,hgb,pca,0.9,True,"{'max_depth': 2, 'learning_rate': 0.03, 'max_iter': 500}",4,0.0,0.0010405827263267886,0.20818505338078291,0.023537597639319504,True
413,hgb,pca,0.9,True,"{'max_depth': 2, 'learning_rate': 0.1, 'max_iter': 300}",4,0.0,0.0010405827263267886,0.20818505338078291,0.023537597639319504,True
414,hgb,pca,0.9,True,"{'max_depth': 2, 'learning_rate': 0.1, 'max_iter': 500}",4,0.0,0.0010405827263267886,0.20818505338078291,0.023537597639319504,True
415,hgb,pca,0.9,True,"{'max_depth': 2, 'learning_rate': 0.15, 'max_iter': 150}",4,0.0,0.0010405827263267886,0.20818505338078291,0.023537597639319504,True
416,hgb,pca,0.9,True,"{'max_depth': 3, 'learning_rate': 0.06, 'max_iter': 300}",4,0.0,0.0010405827263267886,0.20818505338078291,0.023537597639319504,True
417,hgb,pca,0.9,True,"{'max_depth': 4, 'learning_rate': 0.15, 'max_iter': 100}",4,0.0,0.0010405827263267886,0.20818505338078291,0.023537597639319504,True
418,hgb,pca,0.9,True,"{'max_depth': 4, 'learning_rate': 0.15, 'max_iter': 150}",4,0.0,0.0010405827263267886,0.20818505338078291,0.023537597639319504,True
419,hgb,pca,0.95,True,"{'max_depth': 2, 'learning_rate': 0.03, 'max_iter': 500}",6,0.0,0.0010405827263267886,0.20818505338078291,0.023537597639319504,True
420,hgb,pca,0.95,True,"{'max_depth': 2, 'learning_rate': 0.1, 'max_iter': 100}",6,0.0,0.0010405827263267886,0.20818505338078291,0.023537597639319504,True
421,hgb,pca,0.95,True,"{'max_depth': 2, 'learning_rate': 0.1, 'max_iter': 300}",6,0.0,0.0010405827263267886,0.20818505338078291,0.023537597639319504,True
422,hgb,pca,0.95,True,"{'max_depth': 2, 'learning_rate': 0.15, 'max_iter': 300}",6,0.0,0.0010405827263267886,0.20818505338078291,0.023537597639319504,True
423,hgb,pca,0.95,True,"{'max_depth': 4, 'learning_rate': 0.06, 'max_iter': 500}",6,0.0,0.0010405827263267886,0.20818505338078291,0.023537597639319504,True
424,hgb,pca,0.95,True,"{'max_depth': 4, 'learning_rate': 0.15, 'max_iter': 500}",6,0.0,0.0010405827263267886,0.20818505338078291,0.023537597639319504,True
425,hgb,band,4,True,"{'max_depth': 2, 'learning_rate': 0.03, 'max_iter': 150}",4,0.0,0.0010405827263267886,0.20818505338078291,0.023537597639319504,True
426,hgb,band,4,True,"{'max_depth': 3, 'learning_rate': 0.06, 'max_iter': 100}",4,0.0,0.0010405827263267886,0.20818505338078291,0.023537597639319504,True
427,hgb,band,4,True,"{'max_depth': 3, 'learning_rate': 0.1, 'max_iter': 150}",4,0.0,0.0010405827263267886,0.20818505338078291,0.023537597639319504,True
428,hgb,band,4,True,"{'max_depth': 3, 'learning_rate': 0.1, 'max_iter': 300}",4,0.0,0.0010405827263267886,0.20818505338078291,0.023537597639319504,True
429,hgb,band,4,True,"{'max_depth': 3, 'learning_rate': 0.1, 'max_iter': 500}",4,0.0,0.0010405827263267886,0.20818505338078291,0.023537597639319504,True
430,hgb,band,4,True,"{'max_depth': 4, 'learning_rate': 0.1, 'max_iter': 300}",4,0.0,0.0010405827263267886,0.20818505338078291,0.023537597639319504,True
431,hgb,band,4,True,"{'max_depth': 4, 'learning_rate': 0.1, 'max_iter': 500}",4,0.0,0.0010405827263267886,0.20818505338078291,0.023537597639319504,True
432,hgb,band,4,True,"{'max_depth': 4, 'learning_rate': 0.15, 'max_iter': 150}",4,0.0,0.0010405827263267886,0.20818505338078291,0.023537597639319504,True
433,hgb,band,8,True,"{'max_depth': 3, 'learning_rate': 0.06, 'max_iter': 100}",8,0.0,0.0010405827263267886,0.20818505338078291,0.023537597639319504,True
434,hgb,band,8,True,"{'max_depth': 3, 'learning_rate': 0.06, 'max_iter': 500}",8,0.0,0.0010405827263267886,0.20818505338078291,0.023537597639319504,True
435,hgb,band,8,True,"{'max_depth': 3, 'learning_rate': 0.1, 'max_iter': 300}",8,0.0,0.0010405827263267886,0.20818505338078291,0.023537597639319504,True
436,hgb,band,8,True,"{'max_depth': 3, 'learning_rate': 0.1, 'max_iter': 500}",8,0.0,0.0010405827263267886,0.20818505338078291,0.023537597639319504,True
437,hgb,band,8,True,"{'max_depth': 3, 'learning_rate': 0.15, 'max_iter': 300}",8,0.0,0.0010405827263267886,0.20818505338078291,0.023537597639319504,True
438,hgb,band,8,True,"{'max_depth': 4, 'learning_rate': 0.03, 'max_iter': 500}",8,0.0,0.0010405827263267886,0.20818505338078291,0.023537597639319504,True
439,hgb,band,16,True,"{'max_depth': 2, 'learning_rate': 0.1, 'max_iter': 500}",16,0.0,0.0010405827263267886,0.20818505338078291,0.023537597639319504,True
440,hgb,band,16,True,"{'max_depth': 2, 'learning_rate': 0.15, 'max_iter': 300}",16,0.0,0.0010405827263267886,0.20818505338078291,0.023537597639319504,True
441,hgb,band,16,True,"{'max_depth': 2, 'learning_rate': 0.15, 'max_iter': 500}",16,0.0,0.0010405827263267886,0.20818505338078291,0.023537597639319504,True
442,hgb,band,16,True,"{'max_depth': 4, 'learning_rate': 0.03, 'max_iter': 500}",16,0.0,0.0010405827263267886,0.20818505338078291,0.023537597639319504,True
443,hgb,band,32,True,"{'max_depth': 2, 'learning_rate': 0.1, 'max_iter': 150}",32,0.0,0.0010405827263267886,0.20818505338078291,0.023537597639319504,True
444,hgb,band,32,True,"{'max_depth': 2, 'learning_rate': 0.1, 'max_iter': 500}",32,0.0,0.0010405827263267886,0.20818505338078291,0.023537597639319504,True
445,hgb,band,32,True,"{'max_depth': 2, 'learning_rate': 0.15, 'max_iter': 500}",32,0.0,0.0010405827263267886,0.20818505338078291,0.023537597639319504,True
446,hgb,band,32,True,"{'max_depth': 3, 'learning_rate': 0.06, 'max_iter': 300}",32,0.0,0.0010405827263267886,0.20818505338078291,0.023537597639319504,True
447,hgb,band,32,True,"{'max_depth': 3, 'learning_rate': 0.1, 'max_iter': 150}",32,0.0,0.0010405827263267886,0.20818505338078291,0.023537597639319504,True
448,hgb,band,32,True,"{'max_depth': 3, 'learning_rate': 0.15, 'max_iter': 300}",32,0.0,0.0010405827263267886,0.20818505338078291,0.023537597639319504,True
449,hgb,band,32,True,"{'max_depth': 4, 'learning_rate': 0.1, 'max_iter': 150}",32,0.0,0.0010405827263267886,0.20818505338078291,0.023537597639319504,True
450,hgb,combo,"(8, 0.9)",True,"{'max_depth': 3, 'learning_rate': 0.06, 'max_iter': 300}",12,0.0,0.0010405827263267886,0.20818505338078291,0.023537597639319504,True
451,hgb,combo,"(8, 0.9)",True,"{'max_depth': 3, 'learning_rate': 0.06, 'max_iter': 500}",12,0.0,0.0010405827263267886,0.20818505338078291,0.023537597639319504,True
452,hgb,combo,"(8, 0.9)",True,"{'max_depth': 3, 'learning_rate': 0.15, 'max_iter': 500}",12,0.0,0.0010405827263267886,0.20818505338078291,0.023537597639319504,True
453,hgb,combo,"(8, 0.9)",True,"{'max_depth': 4, 'learning_rate': 0.15, 'max_iter': 150}",12,0.0,0.0010405827263267886,0.20818505338078291,0.023537597639319504,True
454,hgb,radiomics1d,8,True,"{'max_depth': 3, 'learning_rate': 0.15, 'max_iter': 100}",18,0.0,0.0010405827263267886,0.20818505338078291,0.023537597639319504,True
455,hgb,radiomics1d,8,True,"{'max_depth': 3, 'learning_rate': 0.15, 'max_iter': 150}",18,0.0,0.0010405827263267886,0.20818505338078291,0.023537597639319504,True
456,hgb,radiomics1d,8,True,"{'max_depth': 4, 'learning_rate': 0.1, 'max_iter': 150}",18,0.0,0.0010405827263267886,0.20818505338078291,0.023537597639319504,True
457,hgb,radiomics1d,8,True,"{'max_depth': 4, 'learning_rate': 0.1, 'max_iter': 500}",18,0.0,0.0010405827263267886,0.20818505338078291,0.023537597639319504,True
458,hgb,band,8,True,,8,0.0,0.0,0.20781527531083482,0.023537597639319504,False
459,hgb,pca,0.9,True,"{'max_depth': 3, 'learning_rate': 0.15, 'max_iter': 100}",4,0.0,0.0,0.20781527531083482,0.023537597639319504,False
460,hgb,pca,0.9,True,"{'max_depth': 4, 'learning_rate': 0.06, 'max_iter': 100}",4,0.0,0.0,0.20781527531083482,0.023537597639319504,False
461,hgb,pca,0.9,True,"{'max_depth': 4, 'learning_rate': 0.06, 'max_iter': 150}",4,0.0,0.0,0.20781527531083482,0.023537597639319504,False
462,hgb,pca,0.9,True,"{'max_depth': 4, 'learning_rate': 0.06, 'max_iter': 300}",4,0.0,0.0,0.20781527531083482,0.023537597639319504,False
463,hgb,pca,0.9,True,"{'max_depth': 4, 'learning_rate': 0.06, 'max_iter': 500}",4,0.0,0.0,0.20781527531083482,0.023537597639319504,False
464,hgb,pca,0.95,True,"{'max_depth': 2, 'learning_rate': 0.06, 'max_iter': 500}",6,0.0,0.0,0.20781527531083482,0.023537597639319504,False
465,hgb,pca,0.95,True,"{'max_depth': 2, 'learning_rate': 0.1, 'max_iter': 500}",6,0.0,0.0,0.20781527531083482,0.023537597639319504,False
466,hgb,pca,0.95,True,"{'max_depth': 3, 'learning_rate': 0.1, 'max_iter': 100}",6,0.0,0.0,0.20781527531083482,0.023537597639319504,False
467,hgb,pca,0.95,True,"{'max_depth': 3, 'learning_rate': 0.1, 'max_iter': 150}",6,0.0,0.0,0.20781527531083482,0.023537597639319504,False
468,hgb,pca,0.95,True,"{'max_depth': 3, 'learning_rate': 0.1, 'max_iter': 300}",6,0.0,0.0,0.20781527531083482,0.023537597639319504,False
469,hgb,pca,0.95,True,"{'max_depth': 3, 'learning_rate': 0.1, 'max_iter': 500}",6,0.0,0.0,0.20781527531083482,0.023537597639319504,False
470,hgb,pca,0.95,True,"{'max_depth': 4, 'learning_rate': 0.06, 'max_iter': 150}",6,0.0,0.0,0.20781527531083482,0.023537597639319504,False
471,hgb,pca,0.95,True,"{'max_depth': 4, 'learning_rate': 0.1, 'max_iter': 300}",6,0.0,0.0,0.20781527531083482,0.023537597639319504,False
472,hgb,pca,0.95,True,"{'max_depth': 4, 'learning_rate': 0.15, 'max_iter': 100}",6,0.0,0.0,0.20781527531083482,0.023537597639319504,False
473,hgb,pca,0.95,True,"{'max_depth': 4, 'learning_rate': 0.15, 'max_iter': 150}",6,0.0,0.0,0.20781527531083482,0.023537597639319504,False
474,hgb,pca,0.95,True,"{'max_depth': 4, 'learning_rate': 0.15, 'max_iter': 300}",6,0.0,0.0,0.20781527531083482,0.023537597639319504,False
475,hgb,band,4,True,"{'max_depth': 2, 'learning_rate': 0.03, 'max_iter': 300}",4,0.0,0.0,0.20781527531083482,0.023537597639319504,False
476,hgb,band,4,True,"{'max_depth': 2, 'learning_rate': 0.03, 'max_iter': 500}",4,0.0,0.0,0.20781527531083482,0.023537597639319504,False
477,hgb,band,4,True,"{'max_depth': 2, 'learning_rate': 0.06, 'max_iter': 100}",4,0.0,0.0,0.20781527531083482,0.023537597639319504,False
478,hgb,band,4,True,"{'max_depth': 2, 'learning_rate': 0.06, 'max_iter': 150}",4,0.0,0.0,0.20781527531083482,0.023537597639319504,False
479,hgb,band,4,True,"{'max_depth': 2, 'learning_rate': 0.06, 'max_iter': 300}",4,0.0,0.0,0.20781527531083482,0.023537597639319504,False
480,hgb,band,4,True,"{'max_depth': 2, 'learning_rate': 0.06, 'max_iter': 500}",4,0.0,0.0,0.20781527531083482,0.023537597639319504,False
481,hgb,band,4,True,"{'max_depth': 2, 'learning_rate': 0.1, 'max_iter': 100}",4,0.0,0.0,0.20781527531083482,0.023537597639319504,False
482,hgb,band,4,True,"{'max_depth': 2, 'learning_rate': 0.1, 'max_iter': 150}",4,0.0,0.0,0.20781527531083482,0.023537597639319504,False
483,hgb,band,4,True,"{'max_depth': 2, 'learning_rate': 0.1, 'max_iter': 300}",4,0.0,0.0,0.20781527531083482,0.023537597639319504,False
484,hgb,band,4,True,"{'max_depth': 2, 'learning_rate': 0.1, 'max_iter': 500}",4,0.0,0.0,0.20781527531083482,0.023537597639319504,False
485,hgb,band,4,True,"{'max_depth': 2, 'learning_rate': 0.15, 'max_iter': 100}",4,0.0,0.0,0.20781527531083482,0.023537597639319504,False
486,hgb,band,4,True,"{'max_depth': 2, 'learning_rate': 0.15, 'max_iter': 150}",4,0.0,0.0,0.20781527531083482,0.023537597639319504,False
487,hgb,band,4,True,"{'max_depth': 2, 'learning_rate': 0.15, 'max_iter': 300}",4,0.0,0.0,0.20781527531083482,0.023537597639319504,False
488,hgb,band,4,True,"{'max_depth': 2, 'learning_rate': 0.15, 'max_iter': 500}",4,0.0,0.0,0.20781527531083482,0.023537597639319504,False
489,hgb,band,4,True,"{'max_depth': 3, 'learning_rate': 0.03, 'max_iter': 300}",4,0.0,0.0,0.20781527531083482,0.023537597639319504,False
490,hgb,band,4,True,"{'max_depth': 3, 'learning_rate': 0.06, 'max_iter': 300}",4,0.0,0.0,0.20781527531083482,0.023537597639319504,False
491,hgb,band,4,True,"{'max_depth': 3, 'learning_rate': 0.06, 'max_iter': 500}",4,0.0,0.0,0.20781527531083482,0.023537597639319504,False
492,hgb,band,4,True,"{'max_depth': 3, 'learning_rate': 0.1, 'max_iter': 100}",4,0.0,0.0,0.20781527531083482,0.023537597639319504,False
493,hgb,band,4,True,"{'max_depth': 3, 'learning_rate': 0.15, 'max_iter': 100}",4,0.0,0.0,0.20781527531083482,0.023537597639319504,False
494,hgb,band,4,True,"{'max_depth': 3, 'learning_rate': 0.15, 'max_iter': 150}",4,0.0,0.0,0.20781527531083482,0.023537597639319504,False
495,hgb,band,4,True,"{'max_depth': 4, 'learning_rate': 0.15, 'max_iter': 300}",4,0.0,0.0,0.20781527531083482,0.023537597639319504,False
496,hgb,band,4,True,"{'max_depth': 4, 'learning_rate': 0.15, 'max_iter': 500}",4,0.0,0.0,0.20781527531083482,0.023537597639319504,False
497,hgb,band,8,True,"{'max_depth': 3, 'learning_rate': 0.1, 'max_iter': 150}",8,0.0,0.0,0.20781527531083482,0.023537597639319504,False
498,hgb,band,8,True,"{'max_depth': 4, 'learning_rate': 0.03, 'max_iter': 100}",8,0.0,0.0,0.20781527531083482,0.023537597639319504,False
499,hgb,band,8,True,"{'max_depth': 4, 'learning_rate': 0.03, 'max_iter': 150}",8,0.0,0.0,0.20781527531083482,0.023537597639319504,False
500,hgb,band,8,True,"{'max_depth': 4, 'learning_rate': 0.06, 'max_iter': 150}",8,0.0,0.0,0.20781527531083482,0.023537597639319504,False
501,hgb,band,8,True,"{'max_depth': 4, 'learning_rate': 0.06, 'max_iter': 300}",8,0.0,0.0,0.20781527531083482,0.023537597639319504,False
502,hgb,band,8,True,"{'max_depth': 4, 'learning_rate': 0.06, 'max_iter': 500}",8,0.0,0.0,0.20781527531083482,0.023537597639319504,False
503,hgb,band,8,True,"{'max_depth': 4, 'learning_rate': 0.1, 'max_iter': 100}",8,0.0,0.0,0.20781527531083482,0.023537597639319504,False
504,hgb,band,8,True,"{'max_depth': 4, 'learning_rate': 0.1, 'max_iter': 150}",8,0.0,0.0,0.20781527531083482,0.023537597639319504,False
505,hgb,band,8,True,"{'max_depth': 4, 'learning_rate': 0.1, 'max_iter': 300}",8,0.0,0.0,0.20781527531083482,0.023537597639319504,False
506,hgb,band,8,True,"{'max_depth': 4, 'learning_rate': 0.1, 'max_iter': 500}",8,0.0,0.0,0.20781527531083482,0.023537597639319504,False
507,hgb,band,8,True,"{'max_depth': 4, 'learning_rate': 0.15, 'max_iter': 300}",8,0.0,0.0,0.20781527531083482,0.023537597639319504,False
508,hgb,band,8,True,"{'max_depth': 4, 'learning_rate': 0.15, 'max_iter': 500}",8,0.0,0.0,0.20781527531083482,0.023537597639319504,False
509,hgb,band,16,True,"{'max_depth': 4, 'learning_rate': 0.06, 'max_iter': 150}",16,0.0,0.0,0.20781527531083482,0.023537597639319504,False
510,hgb,band,16,True,"{'max_depth': 4, 'learning_rate': 0.1, 'max_iter': 100}",16,0.0,0.0,0.20781527531083482,0.023537597639319504,False
511,hgb,band,16,True,"{'max_depth': 4, 'learning_rate': 0.1, 'max_iter': 150}",16,0.0,0.0,0.20781527531083482,0.023537597639319504,False
512,hgb,band,32,True,"{'max_depth': 2, 'learning_rate': 0.1, 'max_iter': 300}",32,0.0,0.0,0.20781527531083482,0.023537597639319504,False
513,hgb,band,32,True,"{'max_depth': 2, 'learning_rate': 0.15, 'max_iter': 300}",32,0.0,0.0,0.20781527531083482,0.023537597639319504,False
514,hgb,band,32,True,"{'max_depth': 3, 'learning_rate': 0.06, 'max_iter': 500}",32,0.0,0.0,0.20781527531083482,0.023537597639319504,False
515,hgb,band,32,True,"{'max_depth': 3, 'learning_rate': 0.1, 'max_iter': 300}",32,0.0,0.0,0.20781527531083482,0.023537597639319504,False
516,hgb,band,32,True,"{'max_depth': 3, 'learning_rate': 0.1, 'max_iter': 500}",32,0.0,0.0,0.20781527531083482,0.023537597639319504,False
517,hgb,band,32,True,"{'max_depth': 3, 'learning_rate': 0.15, 'max_iter': 500}",32,0.0,0.0,0.20781527531083482,0.023537597639319504,False
518,hgb,band,32,True,"{'max_depth': 4, 'learning_rate': 0.15, 'max_iter': 500}",32,0.0,0.0,0.20781527531083482,0.023537597639319504,False
519,hgb,combo,"(8, 0.9)",True,"{'max_depth': 4, 'learning_rate': 0.03, 'max_iter': 500}",12,0.0,0.0,0.20781527531083482,0.023537597639319504,False
520,hgb,combo,"(8, 0.9)",True,"{'max_depth': 4, 'learning_rate': 0.1, 'max_iter': 500}",12,0.0,0.0,0.20781527531083482,0.023537597639319504,False
521,hgb,radiomics1d,8,True,"{'max_depth': 3, 'learning_rate': 0.06, 'max_iter': 500}",18,0.0,0.0,0.20781527531083482,0.023537597639319504,False
522,hgb,radiomics1d,8,True,"{'max_depth': 3, 'learning_rate': 0.1, 'max_iter': 300}",18,0.0,0.0,0.20781527531083482,0.023537597639319504,False
523,hgb,radiomics1d,8,True,"{'max_depth': 3, 'learning_rate': 0.1, 'max_iter': 500}",18,0.0,0.0,0.20781527531083482,0.023537597639319504,False
524,hgb,radiomics1d,8,True,"{'max_depth': 3, 'learning_rate': 0.15, 'max_iter': 300}",18,0.0,0.0,0.20781527531083482,0.023537597639319504,False
525,hgb,radiomics1d,8,True,"{'max_depth': 3, 'learning_rate': 0.15, 'max_iter': 500}",18,0.0,0.0,0.20781527531083482,0.023537597639319504,False
526,hgb,radiomics1d,8,True,"{'max_depth': 4, 'learning_rate': 0.1, 'max_iter': 300}",18,0.0,0.0,0.20781527531083482,0.023537597639319504,False
527,hgb,radiomics1d,8,True,"{'max_depth': 4, 'learning_rate': 0.15, 'max_iter': 100}",18,0.0,0.0,0.20781527531083482,0.023537597639319504,False
528,hgb,radiomics1d,8,True,"{'max_depth': 4, 'learning_rate': 0.15, 'max_iter': 150}",18,0.0,0.0,0.20781527531083482,0.023537597639319504,False
529,hgb,radiomics1d,8,True,"{'max_depth': 4, 'learning_rate': 0.15, 'max_iter': 300}",18,0.0,0.0,0.20781527531083482,0.023537597639319504,False
