combo_index,branch_indices,branches,pattern_mask,patterns,formal_NI_5pp_both_pass,internal_sens_loss,internal_upper95,internal_spec_gain,internal_acc_gain,internal_tp_lost,internal_fp_removed,internal_deesc_n,internal_event_rate,external_sens_loss,external_upper95,external_spec_gain,external_acc_gain,external_tp_lost,external_fp_removed,external_deesc_n,external_event_rate
2184,24|8|15|27,R1_045_056__endpoint_delta__sign-1__w0.50__lam0.25 | R2_057_080__curv_mean__sign-1__w0.50__lam0.70 | R3_097_128__abs_slope_max__sign+1__w0.70__lam0.70 | R4_117_128__endpoint_delta__sign-1__w0.50__lam0.25,21570,"+---,-++-,-+-+,--++,-+++",True,0.015503875968992248,0.047998304847133924,0.054110301768990635,0.045871559633027525,2,52,54,0.037037037037037035,0.014184397163120567,0.0439756763419416,0.0840764331210191,0.06911447084233262,2,66,68,0.029411764705882353
2135,24|7|15|27,R1_045_056__endpoint_delta__sign-1__w0.50__lam0.25 | R2_057_080__curv_mean__sign-1__w0.70__lam0.55 | R3_097_128__abs_slope_max__sign+1__w0.70__lam0.70 | R4_117_128__endpoint_delta__sign-1__w0.50__lam0.25,21570,"+---,-++-,-+-+,--++,-+++",True,0.015503875968992248,0.047998304847133924,0.053069719042663895,0.044954128440366975,2,51,53,0.03773584905660377,0.014184397163120567,0.0439756763419416,0.08280254777070063,0.06803455723542116,2,65,67,0.029850746268656716
2184,24|8|15|27,R1_045_056__endpoint_delta__sign-1__w0.50__lam0.25 | R2_057_080__curv_mean__sign-1__w0.50__lam0.70 | R3_097_128__abs_slope_max__sign+1__w0.70__lam0.70 | R4_117_128__endpoint_delta__sign-1__w0.50__lam0.25,22594,"+---,-++-,++-+,--++,-+++",True,0.015503875968992248,0.047998304847133924,0.053069719042663895,0.044954128440366975,2,51,53,0.03773584905660377,0.014184397163120567,0.0439756763419416,0.08025477707006369,0.06587473002159827,2,63,65,0.03076923076923077
2184,24|8|15|27,R1_045_056__endpoint_delta__sign-1__w0.50__lam0.25 | R2_057_080__curv_mean__sign-1__w0.50__lam0.70 | R3_097_128__abs_slope_max__sign+1__w0.70__lam0.70 | R4_117_128__endpoint_delta__sign-1__w0.50__lam0.25,17730,"+---,-++-,---+,-+-+,-+++",True,0.015503875968992248,0.047998304847133924,0.04890738813735692,0.04128440366972477,2,47,49,0.04081632653061224,0.014184397163120567,0.0439756763419416,0.08025477707006369,0.06587473002159827,2,63,65,0.03076923076923077
2135,24|7|15|27,R1_045_056__endpoint_delta__sign-1__w0.50__lam0.25 | R2_057_080__curv_mean__sign-1__w0.70__lam0.55 | R3_097_128__abs_slope_max__sign+1__w0.70__lam0.70 | R4_117_128__endpoint_delta__sign-1__w0.50__lam0.25,22594,"+---,-++-,++-+,--++,-+++",True,0.015503875968992248,0.047998304847133924,0.05202913631633715,0.044036697247706424,2,50,52,0.038461538461538464,0.014184397163120567,0.0439756763419416,0.07898089171974522,0.06479481641468683,2,62,64,0.03125
2184,24|8|15|27,R1_045_056__endpoint_delta__sign-1__w0.50__lam0.25 | R2_057_080__curv_mean__sign-1__w0.50__lam0.70 | R3_097_128__abs_slope_max__sign+1__w0.70__lam0.70 | R4_117_128__endpoint_delta__sign-1__w0.50__lam0.25,20554,"+---,++--,-++-,--++,-+++",True,0.015503875968992248,0.047998304847133924,0.05202913631633715,0.044036697247706424,2,50,52,0.038461538461538464,0.014184397163120567,0.0439756763419416,0.07898089171974522,0.06479481641468683,2,62,64,0.03125
2135,24|7|15|27,R1_045_056__endpoint_delta__sign-1__w0.50__lam0.25 | R2_057_080__curv_mean__sign-1__w0.70__lam0.55 | R3_097_128__abs_slope_max__sign+1__w0.70__lam0.70 | R4_117_128__endpoint_delta__sign-1__w0.50__lam0.25,17730,"+---,-++-,---+,-+-+,-+++",True,0.015503875968992248,0.047998304847133924,0.047866805411030174,0.04036697247706422,2,46,48,0.041666666666666664,0.014184397163120567,0.0439756763419416,0.07898089171974522,0.06479481641468683,2,62,64,0.03125
2090,24|6|16|21,R1_045_056__endpoint_delta__sign-1__w0.50__lam0.25 | R2_057_080__curv_mean__sign-1__w0.70__lam0.70 | R3_097_128__curv_sd__sign+1__w0.50__lam0.70 | R4_117_128__level_mean__sign+1__w0.70__lam0.70,1114,"+---,++--,--+-,-++-,-+-+",True,0.015503875968992248,0.047998304847133924,0.06451612903225806,0.05504587155963303,2,62,64,0.03125,0.014184397163120567,0.0439756763419416,0.07770700636942675,0.06371490280777538,2,61,63,0.031746031746031744
2139,24|7|16|21,R1_045_056__endpoint_delta__sign-1__w0.50__lam0.25 | R2_057_080__curv_mean__sign-1__w0.70__lam0.55 | R3_097_128__curv_sd__sign+1__w0.50__lam0.70 | R4_117_128__level_mean__sign+1__w0.70__lam0.70,1114,"+---,++--,--+-,-++-,-+-+",True,0.015503875968992248,0.047998304847133924,0.06451612903225806,0.05504587155963303,2,62,64,0.03125,0.014184397163120567,0.0439756763419416,0.07770700636942675,0.06371490280777538,2,61,63,0.031746031746031744
2090,24|6|16|21,R1_045_056__endpoint_delta__sign-1__w0.50__lam0.25 | R2_057_080__curv_mean__sign-1__w0.70__lam0.70 | R3_097_128__curv_sd__sign+1__w0.50__lam0.70 | R4_117_128__level_mean__sign+1__w0.70__lam0.70,1138,"+---,--+-,+-+-,-++-,-+-+",True,0.015503875968992248,0.047998304847133924,0.06347554630593132,0.05412844036697248,2,61,63,0.031746031746031744,0.014184397163120567,0.0439756763419416,0.07770700636942675,0.06371490280777538,2,61,63,0.031746031746031744
2139,24|7|16|21,R1_045_056__endpoint_delta__sign-1__w0.50__lam0.25 | R2_057_080__curv_mean__sign-1__w0.70__lam0.55 | R3_097_128__curv_sd__sign+1__w0.50__lam0.70 | R4_117_128__level_mean__sign+1__w0.70__lam0.70,1138,"+---,--+-,+-+-,-++-,-+-+",True,0.015503875968992248,0.047998304847133924,0.06347554630593132,0.05412844036697248,2,61,63,0.031746031746031744,0.014184397163120567,0.0439756763419416,0.07770700636942675,0.06371490280777538,2,61,63,0.031746031746031744
2188,24|8|16|21,R1_045_056__endpoint_delta__sign-1__w0.50__lam0.25 | R2_057_080__curv_mean__sign-1__w0.50__lam0.70 | R3_097_128__curv_sd__sign+1__w0.50__lam0.70 | R4_117_128__level_mean__sign+1__w0.70__lam0.70,1114,"+---,++--,--+-,-++-,-+-+",True,0.015503875968992248,0.047998304847133924,0.06347554630593132,0.05412844036697248,2,61,63,0.031746031746031744,0.014184397163120567,0.0439756763419416,0.07770700636942675,0.06371490280777538,2,61,63,0.031746031746031744
2188,24|8|16|21,R1_045_056__endpoint_delta__sign-1__w0.50__lam0.25 | R2_057_080__curv_mean__sign-1__w0.50__lam0.70 | R3_097_128__curv_sd__sign+1__w0.50__lam0.70 | R4_117_128__level_mean__sign+1__w0.70__lam0.70,1138,"+---,--+-,+-+-,-++-,-+-+",True,0.015503875968992248,0.047998304847133924,0.062434963579604576,0.05321100917431193,2,60,62,0.03225806451612903,0.014184397163120567,0.0439756763419416,0.07770700636942675,0.06371490280777538,2,61,63,0.031746031746031744
2135,24|7|15|27,R1_045_056__endpoint_delta__sign-1__w0.50__lam0.25 | R2_057_080__curv_mean__sign-1__w0.70__lam0.55 | R3_097_128__abs_slope_max__sign+1__w0.70__lam0.70 | R4_117_128__endpoint_delta__sign-1__w0.50__lam0.25,20554,"+---,++--,-++-,--++,-+++",True,0.015503875968992248,0.047998304847133924,0.05098855359001041,0.043119266055045874,2,49,51,0.0392156862745098,0.014184397163120567,0.0439756763419416,0.07770700636942675,0.06371490280777538,2,61,63,0.031746031746031744
2184,24|8|15|27,R1_045_056__endpoint_delta__sign-1__w0.50__lam0.25 | R2_057_080__curv_mean__sign-1__w0.50__lam0.70 | R3_097_128__abs_slope_max__sign+1__w0.70__lam0.70 | R4_117_128__endpoint_delta__sign-1__w0.50__lam0.25,17506,"+---,+-+-,-++-,-+-+,-+++",True,0.015503875968992248,0.047998304847133924,0.053069719042663895,0.044954128440366975,2,51,53,0.03773584905660377,0.014184397163120567,0.0439756763419416,0.07643312101910828,0.06263498920086392,2,60,62,0.03225806451612903
2184,24|8|15|27,R1_045_056__endpoint_delta__sign-1__w0.50__lam0.25 | R2_057_080__curv_mean__sign-1__w0.50__lam0.70 | R3_097_128__abs_slope_max__sign+1__w0.70__lam0.70 | R4_117_128__endpoint_delta__sign-1__w0.50__lam0.25,18754,"+---,-++-,---+,++-+,-+++",True,0.015503875968992248,0.047998304847133924,0.047866805411030174,0.04036697247706422,2,46,48,0.041666666666666664,0.014184397163120567,0.0439756763419416,0.07643312101910828,0.06263498920086392,2,60,62,0.03225806451612903
2184,24|8|15|27,R1_045_056__endpoint_delta__sign-1__w0.50__lam0.25 | R2_057_080__curv_mean__sign-1__w0.50__lam0.70 | R3_097_128__abs_slope_max__sign+1__w0.70__lam0.70 | R4_117_128__endpoint_delta__sign-1__w0.50__lam0.25,23616,"-++-,-+-+,++-+,--++,-+++",True,0.015503875968992248,0.047998304847133924,0.043704474505723206,0.03669724770642202,2,42,44,0.045454545454545456,0.014184397163120567,0.0439756763419416,0.07643312101910828,0.06263498920086392,2,60,62,0.03225806451612903
2181,24|8|15|21,R1_045_056__endpoint_delta__sign-1__w0.50__lam0.25 | R2_057_080__curv_mean__sign-1__w0.50__lam0.70 | R3_097_128__abs_slope_max__sign+1__w0.70__lam0.70 | R4_117_128__level_mean__sign+1__w0.70__lam0.70,17986,"+---,-++-,+--+,-+-+,-+++",True,0.015503875968992248,0.047998304847133924,0.055150884495317375,0.046788990825688076,2,53,55,0.03636363636363636,0.014184397163120567,0.0439756763419416,0.0751592356687898,0.061555075593952485,2,59,61,0.03278688524590164
2181,24|8|15|21,R1_045_056__endpoint_delta__sign-1__w0.50__lam0.25 | R2_057_080__curv_mean__sign-1__w0.50__lam0.70 | R3_097_128__abs_slope_max__sign+1__w0.70__lam0.70 | R4_117_128__level_mean__sign+1__w0.70__lam0.70,17482,"+---,++--,-++-,-+-+,-+++",True,0.015503875968992248,0.047998304847133924,0.053069719042663895,0.044954128440366975,2,51,53,0.03773584905660377,0.014184397163120567,0.0439756763419416,0.0751592356687898,0.061555075593952485,2,59,61,0.03278688524590164
2135,24|7|15|27,R1_045_056__endpoint_delta__sign-1__w0.50__lam0.25 | R2_057_080__curv_mean__sign-1__w0.70__lam0.55 | R3_097_128__abs_slope_max__sign+1__w0.70__lam0.70 | R4_117_128__endpoint_delta__sign-1__w0.50__lam0.25,17506,"+---,+-+-,-++-,-+-+,-+++",True,0.015503875968992248,0.047998304847133924,0.05202913631633715,0.044036697247706424,2,50,52,0.038461538461538464,0.014184397163120567,0.0439756763419416,0.0751592356687898,0.061555075593952485,2,59,61,0.03278688524590164
2178,24|8|15|18,R1_045_056__endpoint_delta__sign-1__w0.50__lam0.25 | R2_057_080__curv_mean__sign-1__w0.50__lam0.70 | R3_097_128__abs_slope_max__sign+1__w0.70__lam0.70 | R4_117_128__abs_slope_max__sign+1__w0.70__lam0.70,16474,"+---,++--,--+-,-++-,-+++",True,0.015503875968992248,0.047998304847133924,0.04994797086368366,0.04220183486238532,2,48,50,0.04,0.014184397163120567,0.0439756763419416,0.0751592356687898,0.061555075593952485,2,59,61,0.03278688524590164
2178,24|8|15|18,R1_045_056__endpoint_delta__sign-1__w0.50__lam0.25 | R2_057_080__curv_mean__sign-1__w0.50__lam0.70 | R3_097_128__abs_slope_max__sign+1__w0.70__lam0.70 | R4_117_128__abs_slope_max__sign+1__w0.70__lam0.70,17434,"+---,++--,--+-,-+-+,-+++",True,0.015503875968992248,0.047998304847133924,0.04890738813735692,0.04128440366972477,2,47,49,0.04081632653061224,0.014184397163120567,0.0439756763419416,0.0751592356687898,0.061555075593952485,2,59,61,0.03278688524590164
2184,24|8|15|27,R1_045_056__endpoint_delta__sign-1__w0.50__lam0.25 | R2_057_080__curv_mean__sign-1__w0.50__lam0.70 | R3_097_128__abs_slope_max__sign+1__w0.70__lam0.70 | R4_117_128__endpoint_delta__sign-1__w0.50__lam0.25,17986,"+---,-++-,+--+,-+-+,-+++",True,0.015503875968992248,0.047998304847133924,0.047866805411030174,0.04036697247706422,2,46,48,0.041666666666666664,0.014184397163120567,0.0439756763419416,0.0751592356687898,0.061555075593952485,2,59,61,0.03278688524590164
2135,24|7|15|27,R1_045_056__endpoint_delta__sign-1__w0.50__lam0.25 | R2_057_080__curv_mean__sign-1__w0.70__lam0.55 | R3_097_128__abs_slope_max__sign+1__w0.70__lam0.70 | R4_117_128__endpoint_delta__sign-1__w0.50__lam0.25,18754,"+---,-++-,---+,++-+,-+++",True,0.015503875968992248,0.047998304847133924,0.046826222684703434,0.03944954128440367,2,45,47,0.0425531914893617,0.014184397163120567,0.0439756763419416,0.0751592356687898,0.061555075593952485,2,59,61,0.03278688524590164
2184,24|8|15|27,R1_045_056__endpoint_delta__sign-1__w0.50__lam0.25 | R2_057_080__curv_mean__sign-1__w0.50__lam0.70 | R3_097_128__abs_slope_max__sign+1__w0.70__lam0.70 | R4_117_128__endpoint_delta__sign-1__w0.50__lam0.25,16714,"+---,++--,-++-,---+,-+++",True,0.015503875968992248,0.047998304847133924,0.046826222684703434,0.03944954128440367,2,45,47,0.0425531914893617,0.014184397163120567,0.0439756763419416,0.0751592356687898,0.061555075593952485,2,59,61,0.03278688524590164
2178,24|8|15|18,R1_045_056__endpoint_delta__sign-1__w0.50__lam0.25 | R2_057_080__curv_mean__sign-1__w0.50__lam0.70 | R3_097_128__abs_slope_max__sign+1__w0.70__lam0.70 | R4_117_128__abs_slope_max__sign+1__w0.70__lam0.70,17490,"+---,--+-,-++-,-+-+,-+++",True,0.015503875968992248,0.047998304847133924,0.044745057232049947,0.03761467889908257,2,43,45,0.044444444444444446,0.014184397163120567,0.0439756763419416,0.0751592356687898,0.061555075593952485,2,59,61,0.03278688524590164
2135,24|7|15|27,R1_045_056__endpoint_delta__sign-1__w0.50__lam0.25 | R2_057_080__curv_mean__sign-1__w0.70__lam0.55 | R3_097_128__abs_slope_max__sign+1__w0.70__lam0.70 | R4_117_128__endpoint_delta__sign-1__w0.50__lam0.25,23616,"-++-,-+-+,++-+,--++,-+++",True,0.015503875968992248,0.047998304847133924,0.04266389177939646,0.03577981651376147,2,41,43,0.046511627906976744,0.014184397163120567,0.0439756763419416,0.0751592356687898,0.061555075593952485,2,59,61,0.03278688524590164
2184,24|8|15|27,R1_045_056__endpoint_delta__sign-1__w0.50__lam0.25 | R2_057_080__curv_mean__sign-1__w0.50__lam0.70 | R3_097_128__abs_slope_max__sign+1__w0.70__lam0.70 | R4_117_128__endpoint_delta__sign-1__w0.50__lam0.25,21576,"++--,-++-,-+-+,--++,-+++",True,0.015503875968992248,0.047998304847133924,0.04266389177939646,0.03577981651376147,2,41,43,0.046511627906976744,0.014184397163120567,0.0439756763419416,0.0751592356687898,0.061555075593952485,2,59,61,0.03278688524590164
2254,24|9|26|27,R1_045_056__endpoint_delta__sign-1__w0.50__lam0.25 | R2_057_080__level_mean__sign+1__w0.70__lam0.70 | R3_097_128__linear_slope__sign+1__w0.35__lam0.25 | R4_117_128__endpoint_delta__sign-1__w0.50__lam0.25,11522,"+---,---+,-+-+,++-+,+-++",True,0.015503875968992248,0.047998304847133924,0.04266389177939646,0.03577981651376147,2,41,43,0.046511627906976744,0.014184397163120567,0.0439756763419416,0.0751592356687898,0.061555075593952485,2,59,61,0.03278688524590164
2352,24|11|26|27,R1_045_056__endpoint_delta__sign-1__w0.50__lam0.25 | R2_057_080__level_mean__sign+1__w0.70__lam0.55 | R3_097_128__linear_slope__sign+1__w0.35__lam0.25 | R4_117_128__endpoint_delta__sign-1__w0.50__lam0.25,11522,"+---,---+,-+-+,++-+,+-++",True,0.015503875968992248,0.047998304847133924,0.04266389177939646,0.03577981651376147,2,41,43,0.046511627906976744,0.014184397163120567,0.0439756763419416,0.0751592356687898,0.061555075593952485,2,59,61,0.03278688524590164
2132,24|7|15|21,R1_045_056__endpoint_delta__sign-1__w0.50__lam0.25 | R2_057_080__curv_mean__sign-1__w0.70__lam0.55 | R3_097_128__abs_slope_max__sign+1__w0.70__lam0.70 | R4_117_128__level_mean__sign+1__w0.70__lam0.70,17986,"+---,-++-,+--+,-+-+,-+++",True,0.015503875968992248,0.047998304847133924,0.055150884495317375,0.046788990825688076,2,53,55,0.03636363636363636,0.014184397163120567,0.0439756763419416,0.07388535031847134,0.06047516198704104,2,58,60,0.03333333333333333
2132,24|7|15|21,R1_045_056__endpoint_delta__sign-1__w0.50__lam0.25 | R2_057_080__curv_mean__sign-1__w0.70__lam0.55 | R3_097_128__abs_slope_max__sign+1__w0.70__lam0.70 | R4_117_128__level_mean__sign+1__w0.70__lam0.70,17482,"+---,++--,-++-,-+-+,-+++",True,0.015503875968992248,0.047998304847133924,0.053069719042663895,0.044954128440366975,2,51,53,0.03773584905660377,0.014184397163120567,0.0439756763419416,0.07388535031847134,0.06047516198704104,2,58,60,0.03333333333333333
2184,24|8|15|27,R1_045_056__endpoint_delta__sign-1__w0.50__lam0.25 | R2_057_080__curv_mean__sign-1__w0.50__lam0.70 | R3_097_128__abs_slope_max__sign+1__w0.70__lam0.70 | R4_117_128__endpoint_delta__sign-1__w0.50__lam0.25,19522,"+---,-++-,-+-+,++-+,-+++",True,0.007751937984496124,0.03624479660541807,0.04994797086368366,0.043119266055045874,1,48,49,0.02040816326530612,0.014184397163120567,0.0439756763419416,0.07388535031847134,0.06047516198704104,2,58,60,0.03333333333333333
2384,24|25|16|21,R1_045_056__endpoint_delta__sign-1__w0.50__lam0.25 | R2_057_080__level_mean__sign-1__w0.70__lam0.25 | R3_097_128__curv_sd__sign+1__w0.50__lam0.70 | R4_117_128__level_mean__sign+1__w0.70__lam0.70,8250,"+---,++--,--+-,+-+-,+-++",True,0.015503875968992248,0.047998304847133924,0.05098855359001041,0.043119266055045874,2,49,51,0.0392156862745098,0.014184397163120567,0.0439756763419416,0.07388535031847134,0.06047516198704104,2,58,60,0.03333333333333333
2150,24|7|26|18,R1_045_056__endpoint_delta__sign-1__w0.50__lam0.25 | R2_057_080__curv_mean__sign-1__w0.70__lam0.55 | R3_097_128__linear_slope__sign+1__w0.35__lam0.25 | R4_117_128__abs_slope_max__sign+1__w0.70__lam0.70,9314,"+---,+-+-,-++-,-+-+,+-++",True,0.015503875968992248,0.047998304847133924,0.04994797086368366,0.04220183486238532,2,48,50,0.04,0.014184397163120567,0.0439756763419416,0.07388535031847134,0.06047516198704104,2,58,60,0.03333333333333333
2129,24|7|15|18,R1_045_056__endpoint_delta__sign-1__w0.50__lam0.25 | R2_057_080__curv_mean__sign-1__w0.70__lam0.55 | R3_097_128__abs_slope_max__sign+1__w0.70__lam0.70 | R4_117_128__abs_slope_max__sign+1__w0.70__lam0.70,16474,"+---,++--,--+-,-++-,-+++",True,0.015503875968992248,0.047998304847133924,0.04890738813735692,0.04128440366972477,2,47,49,0.04081632653061224,0.014184397163120567,0.0439756763419416,0.07388535031847134,0.06047516198704104,2,58,60,0.03333333333333333
2178,24|8|15|18,R1_045_056__endpoint_delta__sign-1__w0.50__lam0.25 | R2_057_080__curv_mean__sign-1__w0.50__lam0.70 | R3_097_128__abs_slope_max__sign+1__w0.70__lam0.70 | R4_117_128__abs_slope_max__sign+1__w0.70__lam0.70,18458,"+---,++--,--+-,++-+,-+++",True,0.015503875968992248,0.047998304847133924,0.04890738813735692,0.04128440366972477,2,47,49,0.04081632653061224,0.014184397163120567,0.0439756763419416,0.07388535031847134,0.06047516198704104,2,58,60,0.03333333333333333
2129,24|7|15|18,R1_045_056__endpoint_delta__sign-1__w0.50__lam0.25 | R2_057_080__curv_mean__sign-1__w0.70__lam0.55 | R3_097_128__abs_slope_max__sign+1__w0.70__lam0.70 | R4_117_128__abs_slope_max__sign+1__w0.70__lam0.70,17434,"+---,++--,--+-,-+-+,-+++",True,0.015503875968992248,0.047998304847133924,0.047866805411030174,0.04036697247706422,2,46,48,0.041666666666666664,0.014184397163120567,0.0439756763419416,0.07388535031847134,0.06047516198704104,2,58,60,0.03333333333333333
2135,24|7|15|27,R1_045_056__endpoint_delta__sign-1__w0.50__lam0.25 | R2_057_080__curv_mean__sign-1__w0.70__lam0.55 | R3_097_128__abs_slope_max__sign+1__w0.70__lam0.70 | R4_117_128__endpoint_delta__sign-1__w0.50__lam0.25,17986,"+---,-++-,+--+,-+-+,-+++",True,0.015503875968992248,0.047998304847133924,0.046826222684703434,0.03944954128440367,2,45,47,0.0425531914893617,0.014184397163120567,0.0439756763419416,0.07388535031847134,0.06047516198704104,2,58,60,0.03333333333333333
2135,24|7|15|27,R1_045_056__endpoint_delta__sign-1__w0.50__lam0.25 | R2_057_080__curv_mean__sign-1__w0.70__lam0.55 | R3_097_128__abs_slope_max__sign+1__w0.70__lam0.70 | R4_117_128__endpoint_delta__sign-1__w0.50__lam0.25,16714,"+---,++--,-++-,---+,-+++",True,0.015503875968992248,0.047998304847133924,0.045785639958376693,0.03853211009174312,2,44,46,0.043478260869565216,0.014184397163120567,0.0439756763419416,0.07388535031847134,0.06047516198704104,2,58,60,0.03333333333333333
2180,24|8|15|20,R1_045_056__endpoint_delta__sign-1__w0.50__lam0.25 | R2_057_080__curv_mean__sign-1__w0.50__lam0.70 | R3_097_128__abs_slope_max__sign+1__w0.70__lam0.70 | R4_117_128__abs_curv_mean__sign+1__w0.70__lam0.70,16586,"+---,++--,-++-,+++-,-+++",True,0.015503875968992248,0.047998304847133924,0.045785639958376693,0.03853211009174312,2,44,46,0.043478260869565216,0.014184397163120567,0.0439756763419416,0.07388535031847134,0.06047516198704104,2,58,60,0.03333333333333333
2178,24|8|15|18,R1_045_056__endpoint_delta__sign-1__w0.50__lam0.25 | R2_057_080__curv_mean__sign-1__w0.50__lam0.70 | R3_097_128__abs_slope_max__sign+1__w0.70__lam0.70 | R4_117_128__abs_slope_max__sign+1__w0.70__lam0.70,18514,"+---,--+-,-++-,++-+,-+++",True,0.015503875968992248,0.047998304847133924,0.044745057232049947,0.03761467889908257,2,43,45,0.044444444444444446,0.014184397163120567,0.0439756763419416,0.07388535031847134,0.06047516198704104,2,58,60,0.03333333333333333
2183,24|8|15|23,R1_045_056__endpoint_delta__sign-1__w0.50__lam0.25 | R2_057_080__curv_mean__sign-1__w0.50__lam0.70 | R3_097_128__abs_slope_max__sign+1__w0.70__lam0.70 | R4_117_128__abs_curv_max__sign+1__w0.70__lam0.70,17602,"+---,-++-,+++-,-+-+,-+++",True,0.015503875968992248,0.047998304847133924,0.044745057232049947,0.03761467889908257,2,43,45,0.044444444444444446,0.014184397163120567,0.0439756763419416,0.07388535031847134,0.06047516198704104,2,58,60,0.03333333333333333
2129,24|7|15|18,R1_045_056__endpoint_delta__sign-1__w0.50__lam0.25 | R2_057_080__curv_mean__sign-1__w0.70__lam0.55 | R3_097_128__abs_slope_max__sign+1__w0.70__lam0.70 | R4_117_128__abs_slope_max__sign+1__w0.70__lam0.70,17490,"+---,--+-,-++-,-+-+,-+++",True,0.015503875968992248,0.047998304847133924,0.043704474505723206,0.03669724770642202,2,42,44,0.045454545454545456,0.014184397163120567,0.0439756763419416,0.07388535031847134,0.06047516198704104,2,58,60,0.03333333333333333
2178,24|8|15|18,R1_045_056__endpoint_delta__sign-1__w0.50__lam0.25 | R2_057_080__curv_mean__sign-1__w0.50__lam0.70 | R3_097_128__abs_slope_max__sign+1__w0.70__lam0.70 | R4_117_128__abs_slope_max__sign+1__w0.70__lam0.70,19474,"+---,--+-,-+-+,++-+,-+++",True,0.015503875968992248,0.047998304847133924,0.043704474505723206,0.03669724770642202,2,42,44,0.045454545454545456,0.014184397163120567,0.0439756763419416,0.07388535031847134,0.06047516198704104,2,58,60,0.03333333333333333
2182,24|8|15|22,R1_045_056__endpoint_delta__sign-1__w0.50__lam0.25 | R2_057_080__curv_mean__sign-1__w0.50__lam0.70 | R3_097_128__abs_slope_max__sign+1__w0.70__lam0.70 | R4_117_128__curv_sd__sign+1__w0.70__lam0.70,16586,"+---,++--,-++-,+++-,-+++",True,0.015503875968992248,0.047998304847133924,0.043704474505723206,0.03669724770642202,2,42,44,0.045454545454545456,0.014184397163120567,0.0439756763419416,0.07388535031847134,0.06047516198704104,2,58,60,0.03333333333333333
2182,24|8|15|22,R1_045_056__endpoint_delta__sign-1__w0.50__lam0.25 | R2_057_080__curv_mean__sign-1__w0.50__lam0.70 | R3_097_128__abs_slope_max__sign+1__w0.70__lam0.70 | R4_117_128__curv_sd__sign+1__w0.70__lam0.70,17602,"+---,-++-,+++-,-+-+,-+++",True,0.015503875968992248,0.047998304847133924,0.043704474505723206,0.03669724770642202,2,42,44,0.045454545454545456,0.014184397163120567,0.0439756763419416,0.07388535031847134,0.06047516198704104,2,58,60,0.03333333333333333
2183,24|8|15|23,R1_045_056__endpoint_delta__sign-1__w0.50__lam0.25 | R2_057_080__curv_mean__sign-1__w0.50__lam0.70 | R3_097_128__abs_slope_max__sign+1__w0.70__lam0.70 | R4_117_128__abs_curv_max__sign+1__w0.70__lam0.70,16586,"+---,++--,-++-,+++-,-+++",True,0.015503875968992248,0.047998304847133924,0.043704474505723206,0.03669724770642202,2,42,44,0.045454545454545456,0.014184397163120567,0.0439756763419416,0.07388535031847134,0.06047516198704104,2,58,60,0.03333333333333333
2199,24|8|26|18,R1_045_056__endpoint_delta__sign-1__w0.50__lam0.25 | R2_057_080__curv_mean__sign-1__w0.50__lam0.70 | R3_097_128__linear_slope__sign+1__w0.35__lam0.25 | R4_117_128__abs_slope_max__sign+1__w0.70__lam0.70,9258,"+---,++--,+-+-,-+-+,+-++",True,0.007751937984496124,0.03624479660541807,0.04162330905306972,0.03577981651376147,1,40,41,0.024390243902439025,0.014184397163120567,0.0439756763419416,0.07388535031847134,0.06047516198704104,2,58,60,0.03333333333333333
2135,24|7|15|27,R1_045_056__endpoint_delta__sign-1__w0.50__lam0.25 | R2_057_080__curv_mean__sign-1__w0.70__lam0.55 | R3_097_128__abs_slope_max__sign+1__w0.70__lam0.70 | R4_117_128__endpoint_delta__sign-1__w0.50__lam0.25,21576,"++--,-++-,-+-+,--++,-+++",True,0.015503875968992248,0.047998304847133924,0.04162330905306972,0.03486238532110092,2,40,42,0.047619047619047616,0.014184397163120567,0.0439756763419416,0.07388535031847134,0.06047516198704104,2,58,60,0.03333333333333333
2335,24|11|16|21,R1_045_056__endpoint_delta__sign-1__w0.50__lam0.25 | R2_057_080__level_mean__sign+1__w0.70__lam0.55 | R3_097_128__curv_sd__sign+1__w0.50__lam0.70 | R4_117_128__level_mean__sign+1__w0.70__lam0.70,1234,"+---,--+-,-++-,+++-,-+-+",True,0.015503875968992248,0.047998304847133924,0.062434963579604576,0.05321100917431193,2,60,62,0.03225806451612903,0.0070921985815602835,0.033201046091090064,0.07261146496815286,0.06047516198704104,1,57,58,0.017241379310344827
2090,24|6|16|21,R1_045_056__endpoint_delta__sign-1__w0.50__lam0.25 | R2_057_080__curv_mean__sign-1__w0.70__lam0.70 | R3_097_128__curv_sd__sign+1__w0.50__lam0.70 | R4_117_128__level_mean__sign+1__w0.70__lam0.70,17496,"++--,--+-,-++-,-+-+,-+++",True,0.015503875968992248,0.047998304847133924,0.06867845993756504,0.05871559633027523,2,66,68,0.029411764705882353,0.014184397163120567,0.0439756763419416,0.07261146496815286,0.05939524838012959,2,57,59,0.03389830508474576
2090,24|6|16|21,R1_045_056__endpoint_delta__sign-1__w0.50__lam0.25 | R2_057_080__curv_mean__sign-1__w0.70__lam0.70 | R3_097_128__curv_sd__sign+1__w0.50__lam0.70 | R4_117_128__level_mean__sign+1__w0.70__lam0.70,17520,"--+-,+-+-,-++-,-+-+,-+++",True,0.015503875968992248,0.047998304847133924,0.06763787721123829,0.05779816513761468,2,65,67,0.029850746268656716,0.014184397163120567,0.0439756763419416,0.07261146496815286,0.05939524838012959,2,57,59,0.03389830508474576
2139,24|7|16|21,R1_045_056__endpoint_delta__sign-1__w0.50__lam0.25 | R2_057_080__curv_mean__sign-1__w0.70__lam0.55 | R3_097_128__curv_sd__sign+1__w0.50__lam0.70 | R4_117_128__level_mean__sign+1__w0.70__lam0.70,17496,"++--,--+-,-++-,-+-+,-+++",True,0.015503875968992248,0.047998304847133924,0.06659729448491156,0.05688073394495413,2,64,66,0.030303030303030304,0.014184397163120567,0.0439756763419416,0.07261146496815286,0.05939524838012959,2,57,59,0.03389830508474576
2188,24|8|16|21,R1_045_056__endpoint_delta__sign-1__w0.50__lam0.25 | R2_057_080__curv_mean__sign-1__w0.50__lam0.70 | R3_097_128__curv_sd__sign+1__w0.50__lam0.70 | R4_117_128__level_mean__sign+1__w0.70__lam0.70,17496,"++--,--+-,-++-,-+-+,-+++",True,0.015503875968992248,0.047998304847133924,0.06659729448491156,0.05688073394495413,2,64,66,0.030303030303030304,0.014184397163120567,0.0439756763419416,0.07261146496815286,0.05939524838012959,2,57,59,0.03389830508474576
2139,24|7|16|21,R1_045_056__endpoint_delta__sign-1__w0.50__lam0.25 | R2_057_080__curv_mean__sign-1__w0.70__lam0.55 | R3_097_128__curv_sd__sign+1__w0.50__lam0.70 | R4_117_128__level_mean__sign+1__w0.70__lam0.70,17520,"--+-,+-+-,-++-,-+-+,-+++",True,0.015503875968992248,0.047998304847133924,0.06555671175858481,0.05596330275229358,2,63,65,0.03076923076923077,0.014184397163120567,0.0439756763419416,0.07261146496815286,0.05939524838012959,2,57,59,0.03389830508474576
2188,24|8|16|21,R1_045_056__endpoint_delta__sign-1__w0.50__lam0.25 | R2_057_080__curv_mean__sign-1__w0.50__lam0.70 | R3_097_128__curv_sd__sign+1__w0.50__lam0.70 | R4_117_128__level_mean__sign+1__w0.70__lam0.70,17520,"--+-,+-+-,-++-,-+-+,-+++",True,0.015503875968992248,0.047998304847133924,0.06555671175858481,0.05596330275229358,2,63,65,0.03076923076923077,0.014184397163120567,0.0439756763419416,0.07261146496815286,0.05939524838012959,2,57,59,0.03389830508474576
2335,24|11|16|21,R1_045_056__endpoint_delta__sign-1__w0.50__lam0.25 | R2_057_080__level_mean__sign+1__w0.70__lam0.55 | R3_097_128__curv_sd__sign+1__w0.50__lam0.70 | R4_117_128__level_mean__sign+1__w0.70__lam0.70,1114,"+---,++--,--+-,-++-,-+-+",True,0.015503875968992248,0.047998304847133924,0.06451612903225806,0.05504587155963303,2,62,64,0.03125,0.014184397163120567,0.0439756763419416,0.07261146496815286,0.05939524838012959,2,57,59,0.03389830508474576
2090,24|6|16|21,R1_045_056__endpoint_delta__sign-1__w0.50__lam0.25 | R2_057_080__curv_mean__sign-1__w0.70__lam0.70 | R3_097_128__curv_sd__sign+1__w0.50__lam0.70 | R4_117_128__level_mean__sign+1__w0.70__lam0.70,1234,"+---,--+-,-++-,+++-,-+-+",True,0.015503875968992248,0.047998304847133924,0.060353798126951096,0.05137614678899083,2,58,60,0.03333333333333333,0.014184397163120567,0.0439756763419416,0.07261146496815286,0.05939524838012959,2,57,59,0.03389830508474576
2139,24|7|16|21,R1_045_056__endpoint_delta__sign-1__w0.50__lam0.25 | R2_057_080__curv_mean__sign-1__w0.70__lam0.55 | R3_097_128__curv_sd__sign+1__w0.50__lam0.70 | R4_117_128__level_mean__sign+1__w0.70__lam0.70,1234,"+---,--+-,-++-,+++-,-+-+",True,0.015503875968992248,0.047998304847133924,0.060353798126951096,0.05137614678899083,2,58,60,0.03333333333333333,0.014184397163120567,0.0439756763419416,0.07261146496815286,0.05939524838012959,2,57,59,0.03389830508474576
2177,24|8|14|27,R1_045_056__endpoint_delta__sign-1__w0.50__lam0.25 | R2_057_080__curv_mean__sign-1__w0.50__lam0.70 | R3_097_128__abs_curv_max__sign+1__w0.70__lam0.70 | R4_117_128__endpoint_delta__sign-1__w0.50__lam0.25,21570,"+---,-++-,-+-+,--++,-+++",True,0.015503875968992248,0.047998304847133924,0.060353798126951096,0.05137614678899083,2,58,60,0.03333333333333333,0.014184397163120567,0.0439756763419416,0.07261146496815286,0.05939524838012959,2,57,59,0.03389830508474576
2188,24|8|16|21,R1_045_056__endpoint_delta__sign-1__w0.50__lam0.25 | R2_057_080__curv_mean__sign-1__w0.50__lam0.70 | R3_097_128__curv_sd__sign+1__w0.50__lam0.70 | R4_117_128__level_mean__sign+1__w0.70__lam0.70,1234,"+---,--+-,-++-,+++-,-+-+",True,0.015503875968992248,0.047998304847133924,0.05931321540062435,0.05045871559633028,2,57,59,0.03389830508474576,0.014184397163120567,0.0439756763419416,0.07261146496815286,0.05939524838012959,2,57,59,0.03389830508474576
2384,24|25|16|21,R1_045_056__endpoint_delta__sign-1__w0.50__lam0.25 | R2_057_080__level_mean__sign-1__w0.70__lam0.25 | R3_097_128__curv_sd__sign+1__w0.50__lam0.70 | R4_117_128__level_mean__sign+1__w0.70__lam0.70,122,"+---,++--,--+-,+-+-,-++-",True,0.015503875968992248,0.047998304847133924,0.053069719042663895,0.044954128440366975,2,51,53,0.03773584905660377,0.014184397163120567,0.0439756763419416,0.07261146496815286,0.05939524838012959,2,57,59,0.03389830508474576
2184,24|8|15|27,R1_045_056__endpoint_delta__sign-1__w0.50__lam0.25 | R2_057_080__curv_mean__sign-1__w0.50__lam0.70 | R3_097_128__abs_slope_max__sign+1__w0.70__lam0.70 | R4_117_128__endpoint_delta__sign-1__w0.50__lam0.25,18530,"+---,+-+-,-++-,++-+,-+++",True,0.015503875968992248,0.047998304847133924,0.05202913631633715,0.044036697247706424,2,50,52,0.038461538461538464,0.014184397163120567,0.0439756763419416,0.07261146496815286,0.05939524838012959,2,57,59,0.03389830508474576
2384,24|25|16|21,R1_045_056__endpoint_delta__sign-1__w0.50__lam0.25 | R2_057_080__level_mean__sign-1__w0.70__lam0.25 | R3_097_128__curv_sd__sign+1__w0.50__lam0.70 | R4_117_128__level_mean__sign+1__w0.70__lam0.70,570,"+---,++--,--+-,+-+-,+--+",True,0.015503875968992248,0.047998304847133924,0.05098855359001041,0.043119266055045874,2,49,51,0.0392156862745098,0.014184397163120567,0.0439756763419416,0.07261146496815286,0.05939524838012959,2,57,59,0.03389830508474576
2135,24|7|15|27,R1_045_056__endpoint_delta__sign-1__w0.50__lam0.25 | R2_057_080__curv_mean__sign-1__w0.70__lam0.55 | R3_097_128__abs_slope_max__sign+1__w0.70__lam0.70 | R4_117_128__endpoint_delta__sign-1__w0.50__lam0.25,19522,"+---,-++-,-+-+,++-+,-+++",True,0.007751937984496124,0.03624479660541807,0.04890738813735692,0.04220183486238532,1,47,48,0.020833333333333332,0.014184397163120567,0.0439756763419416,0.07261146496815286,0.05939524838012959,2,57,59,0.03389830508474576
2169,24|8|13|23,R1_045_056__endpoint_delta__sign-1__w0.50__lam0.25 | R2_057_080__curv_mean__sign-1__w0.50__lam0.70 | R3_097_128__abs_curv_mean__sign+1__w0.70__lam0.70 | R4_117_128__abs_curv_max__sign+1__w0.70__lam0.70,17434,"+---,++--,--+-,-+-+,-+++",True,0.015503875968992248,0.047998304847133924,0.04994797086368366,0.04220183486238532,2,48,50,0.04,0.014184397163120567,0.0439756763419416,0.07261146496815286,0.05939524838012959,2,57,59,0.03389830508474576
2184,24|8|15|27,R1_045_056__endpoint_delta__sign-1__w0.50__lam0.25 | R2_057_080__curv_mean__sign-1__w0.50__lam0.70 | R3_097_128__abs_slope_max__sign+1__w0.70__lam0.70 | R4_117_128__endpoint_delta__sign-1__w0.50__lam0.25,17482,"+---,++--,-++-,-+-+,-+++",True,0.007751937984496124,0.03624479660541807,0.04890738813735692,0.04220183486238532,1,47,48,0.020833333333333332,0.014184397163120567,0.0439756763419416,0.07261146496815286,0.05939524838012959,2,57,59,0.03389830508474576
2120,24|7|13|23,R1_045_056__endpoint_delta__sign-1__w0.50__lam0.25 | R2_057_080__curv_mean__sign-1__w0.70__lam0.55 | R3_097_128__abs_curv_mean__sign+1__w0.70__lam0.70 | R4_117_128__abs_curv_max__sign+1__w0.70__lam0.70,17434,"+---,++--,--+-,-+-+,-+++",True,0.015503875968992248,0.047998304847133924,0.04890738813735692,0.04128440366972477,2,47,49,0.04081632653061224,0.014184397163120567,0.0439756763419416,0.07261146496815286,0.05939524838012959,2,57,59,0.03389830508474576
2178,24|8|15|18,R1_045_056__endpoint_delta__sign-1__w0.50__lam0.25 | R2_057_080__curv_mean__sign-1__w0.50__lam0.70 | R3_097_128__abs_slope_max__sign+1__w0.70__lam0.70 | R4_117_128__abs_slope_max__sign+1__w0.70__lam0.70,16538,"+---,++--,--+-,+++-,-+++",True,0.015503875968992248,0.047998304847133924,0.04890738813735692,0.04128440366972477,2,47,49,0.04081632653061224,0.014184397163120567,0.0439756763419416,0.07261146496815286,0.05939524838012959,2,57,59,0.03389830508474576
2183,24|8|15|23,R1_045_056__endpoint_delta__sign-1__w0.50__lam0.25 | R2_057_080__curv_mean__sign-1__w0.50__lam0.70 | R3_097_128__abs_slope_max__sign+1__w0.70__lam0.70 | R4_117_128__abs_curv_max__sign+1__w0.70__lam0.70,17482,"+---,++--,-++-,-+-+,-+++",True,0.015503875968992248,0.047998304847133924,0.04890738813735692,0.04128440366972477,2,47,49,0.04081632653061224,0.014184397163120567,0.0439756763419416,0.07261146496815286,0.05939524838012959,2,57,59,0.03389830508474576
2129,24|7|15|18,R1_045_056__endpoint_delta__sign-1__w0.50__lam0.25 | R2_057_080__curv_mean__sign-1__w0.70__lam0.55 | R3_097_128__abs_slope_max__sign+1__w0.70__lam0.70 | R4_117_128__abs_slope_max__sign+1__w0.70__lam0.70,18458,"+---,++--,--+-,++-+,-+++",True,0.015503875968992248,0.047998304847133924,0.047866805411030174,0.04036697247706422,2,46,48,0.041666666666666664,0.014184397163120567,0.0439756763419416,0.07261146496815286,0.05939524838012959,2,57,59,0.03389830508474576
174,0|9|15|23,R1_045_056__linear_slope__sign+1__w0.70__lam0.70 | R2_057_080__level_mean__sign+1__w0.70__lam0.70 | R3_097_128__abs_slope_max__sign+1__w0.70__lam0.70 | R4_117_128__abs_curv_max__sign+1__w0.70__lam0.70,24722,"+---,--+-,+++-,+-++,-+++",True,0.015503875968992248,0.047998304847133924,0.046826222684703434,0.03944954128440367,2,45,47,0.0425531914893617,0.014184397163120567,0.0439756763419416,0.07261146496815286,0.05939524838012959,2,57,59,0.03389830508474576
2178,24|8|15|18,R1_045_056__endpoint_delta__sign-1__w0.50__lam0.25 | R2_057_080__curv_mean__sign-1__w0.50__lam0.70 | R3_097_128__abs_slope_max__sign+1__w0.70__lam0.70 | R4_117_128__abs_slope_max__sign+1__w0.70__lam0.70,17482,"+---,++--,-++-,-+-+,-+++",True,0.007751937984496124,0.03624479660541807,0.045785639958376693,0.03944954128440367,1,44,45,0.022222222222222223,0.014184397163120567,0.0439756763419416,0.07261146496815286,0.05939524838012959,2,57,59,0.03389830508474576
2181,24|8|15|21,R1_045_056__endpoint_delta__sign-1__w0.50__lam0.25 | R2_057_080__curv_mean__sign-1__w0.50__lam0.70 | R3_097_128__abs_slope_max__sign+1__w0.70__lam0.70 | R4_117_128__level_mean__sign+1__w0.70__lam0.70,16970,"+---,++--,-++-,+--+,-+++",True,0.015503875968992248,0.047998304847133924,0.046826222684703434,0.03944954128440367,2,45,47,0.0425531914893617,0.014184397163120567,0.0439756763419416,0.07261146496815286,0.05939524838012959,2,57,59,0.03389830508474576
2182,24|8|15|22,R1_045_056__endpoint_delta__sign-1__w0.50__lam0.25 | R2_057_080__curv_mean__sign-1__w0.50__lam0.70 | R3_097_128__abs_slope_max__sign+1__w0.70__lam0.70 | R4_117_128__curv_sd__sign+1__w0.70__lam0.70,17482,"+---,++--,-++-,-+-+,-+++",True,0.015503875968992248,0.047998304847133924,0.046826222684703434,0.03944954128440367,2,45,47,0.0425531914893617,0.014184397163120567,0.0439756763419416,0.07261146496815286,0.05939524838012959,2,57,59,0.03389830508474576
2180,24|8|15|20,R1_045_056__endpoint_delta__sign-1__w0.50__lam0.25 | R2_057_080__curv_mean__sign-1__w0.50__lam0.70 | R3_097_128__abs_slope_max__sign+1__w0.70__lam0.70 | R4_117_128__abs_curv_mean__sign+1__w0.70__lam0.70,17602,"+---,-++-,+++-,-+-+,-+++",True,0.015503875968992248,0.047998304847133924,0.045785639958376693,0.03853211009174312,2,44,46,0.043478260869565216,0.014184397163120567,0.0439756763419416,0.07261146496815286,0.05939524838012959,2,57,59,0.03389830508474576
2131,24|7|15|20,R1_045_056__endpoint_delta__sign-1__w0.50__lam0.25 | R2_057_080__curv_mean__sign-1__w0.70__lam0.55 | R3_097_128__abs_slope_max__sign+1__w0.70__lam0.70 | R4_117_128__abs_curv_mean__sign+1__w0.70__lam0.70,16586,"+---,++--,-++-,+++-,-+++",True,0.015503875968992248,0.047998304847133924,0.044745057232049947,0.03761467889908257,2,43,45,0.044444444444444446,0.014184397163120567,0.0439756763419416,0.07261146496815286,0.05939524838012959,2,57,59,0.03389830508474576
2178,24|8|15|18,R1_045_056__endpoint_delta__sign-1__w0.50__lam0.25 | R2_057_080__curv_mean__sign-1__w0.50__lam0.70 | R3_097_128__abs_slope_max__sign+1__w0.70__lam0.70 | R4_117_128__abs_slope_max__sign+1__w0.70__lam0.70,16594,"+---,--+-,-++-,+++-,-+++",True,0.015503875968992248,0.047998304847133924,0.044745057232049947,0.03761467889908257,2,43,45,0.044444444444444446,0.014184397163120567,0.0439756763419416,0.07261146496815286,0.05939524838012959,2,57,59,0.03389830508474576
2179,24|8|15|19,R1_045_056__endpoint_delta__sign-1__w0.50__lam0.25 | R2_057_080__curv_mean__sign-1__w0.50__lam0.70 | R3_097_128__abs_slope_max__sign+1__w0.70__lam0.70 | R4_117_128__slope_sd__sign+1__w0.70__lam0.70,16586,"+---,++--,-++-,+++-,-+++",True,0.015503875968992248,0.047998304847133924,0.044745057232049947,0.03761467889908257,2,43,45,0.044444444444444446,0.014184397163120567,0.0439756763419416,0.07261146496815286,0.05939524838012959,2,57,59,0.03389830508474576
2180,24|8|15|20,R1_045_056__endpoint_delta__sign-1__w0.50__lam0.25 | R2_057_080__curv_mean__sign-1__w0.50__lam0.70 | R3_097_128__abs_slope_max__sign+1__w0.70__lam0.70 | R4_117_128__abs_curv_mean__sign+1__w0.70__lam0.70,17090,"+---,-++-,+++-,+--+,-+++",True,0.015503875968992248,0.047998304847133924,0.044745057232049947,0.03761467889908257,2,43,45,0.044444444444444446,0.014184397163120567,0.0439756763419416,0.07261146496815286,0.05939524838012959,2,57,59,0.03389830508474576
2182,24|8|15|22,R1_045_056__endpoint_delta__sign-1__w0.50__lam0.25 | R2_057_080__curv_mean__sign-1__w0.50__lam0.70 | R3_097_128__abs_slope_max__sign+1__w0.70__lam0.70 | R4_117_128__curv_sd__sign+1__w0.70__lam0.70,17090,"+---,-++-,+++-,+--+,-+++",True,0.015503875968992248,0.047998304847133924,0.044745057232049947,0.03761467889908257,2,43,45,0.044444444444444446,0.014184397163120567,0.0439756763419416,0.07261146496815286,0.05939524838012959,2,57,59,0.03389830508474576
2199,24|8|26|18,R1_045_056__endpoint_delta__sign-1__w0.50__lam0.25 | R2_057_080__curv_mean__sign-1__w0.50__lam0.70 | R3_097_128__linear_slope__sign+1__w0.35__lam0.25 | R4_117_128__abs_slope_max__sign+1__w0.70__lam0.70,25634,"+---,+-+-,-+-+,+-++,-+++",True,0.015503875968992248,0.047998304847133924,0.044745057232049947,0.03761467889908257,2,43,45,0.044444444444444446,0.014184397163120567,0.0439756763419416,0.07261146496815286,0.05939524838012959,2,57,59,0.03389830508474576
2129,24|7|15|18,R1_045_056__endpoint_delta__sign-1__w0.50__lam0.25 | R2_057_080__curv_mean__sign-1__w0.70__lam0.55 | R3_097_128__abs_slope_max__sign+1__w0.70__lam0.70 | R4_117_128__abs_slope_max__sign+1__w0.70__lam0.70,18514,"+---,--+-,-++-,++-+,-+++",True,0.015503875968992248,0.047998304847133924,0.043704474505723206,0.03669724770642202,2,42,44,0.045454545454545456,0.014184397163120567,0.0439756763419416,0.07261146496815286,0.05939524838012959,2,57,59,0.03389830508474576
2134,24|7|15|23,R1_045_056__endpoint_delta__sign-1__w0.50__lam0.25 | R2_057_080__curv_mean__sign-1__w0.70__lam0.55 | R3_097_128__abs_slope_max__sign+1__w0.70__lam0.70 | R4_117_128__abs_curv_max__sign+1__w0.70__lam0.70,17602,"+---,-++-,+++-,-+-+,-+++",True,0.015503875968992248,0.047998304847133924,0.043704474505723206,0.03669724770642202,2,42,44,0.045454545454545456,0.014184397163120567,0.0439756763419416,0.07261146496815286,0.05939524838012959,2,57,59,0.03389830508474576
2178,24|8|15|18,R1_045_056__endpoint_delta__sign-1__w0.50__lam0.25 | R2_057_080__curv_mean__sign-1__w0.50__lam0.70 | R3_097_128__abs_slope_max__sign+1__w0.70__lam0.70 | R4_117_128__abs_slope_max__sign+1__w0.70__lam0.70,17554,"+---,--+-,+++-,-+-+,-+++",True,0.015503875968992248,0.047998304847133924,0.043704474505723206,0.03669724770642202,2,42,44,0.045454545454545456,0.014184397163120567,0.0439756763419416,0.07261146496815286,0.05939524838012959,2,57,59,0.03389830508474576
2183,24|8|15|23,R1_045_056__endpoint_delta__sign-1__w0.50__lam0.25 | R2_057_080__curv_mean__sign-1__w0.50__lam0.70 | R3_097_128__abs_slope_max__sign+1__w0.70__lam0.70 | R4_117_128__abs_curv_max__sign+1__w0.70__lam0.70,17090,"+---,-++-,+++-,+--+,-+++",True,0.015503875968992248,0.047998304847133924,0.043704474505723206,0.03669724770642202,2,42,44,0.045454545454545456,0.014184397163120567,0.0439756763419416,0.07261146496815286,0.05939524838012959,2,57,59,0.03389830508474576
2199,24|8|26|18,R1_045_056__endpoint_delta__sign-1__w0.50__lam0.25 | R2_057_080__curv_mean__sign-1__w0.50__lam0.70 | R3_097_128__linear_slope__sign+1__w0.35__lam0.25 | R4_117_128__abs_slope_max__sign+1__w0.70__lam0.70,9266,"+---,--+-,+-+-,-+-+,+-++",True,0.015503875968992248,0.047998304847133924,0.043704474505723206,0.03669724770642202,2,42,44,0.045454545454545456,0.014184397163120567,0.0439756763419416,0.07261146496815286,0.05939524838012959,2,57,59,0.03389830508474576
2129,24|7|15|18,R1_045_056__endpoint_delta__sign-1__w0.50__lam0.25 | R2_057_080__curv_mean__sign-1__w0.70__lam0.55 | R3_097_128__abs_slope_max__sign+1__w0.70__lam0.70 | R4_117_128__abs_slope_max__sign+1__w0.70__lam0.70,19474,"+---,--+-,-+-+,++-+,-+++",True,0.015503875968992248,0.047998304847133924,0.04266389177939646,0.03577981651376147,2,41,43,0.046511627906976744,0.014184397163120567,0.0439756763419416,0.07261146496815286,0.05939524838012959,2,57,59,0.03389830508474576
2133,24|7|15|22,R1_045_056__endpoint_delta__sign-1__w0.50__lam0.25 | R2_057_080__curv_mean__sign-1__w0.70__lam0.55 | R3_097_128__abs_slope_max__sign+1__w0.70__lam0.70 | R4_117_128__curv_sd__sign+1__w0.70__lam0.70,16586,"+---,++--,-++-,+++-,-+++",True,0.015503875968992248,0.047998304847133924,0.04266389177939646,0.03577981651376147,2,41,43,0.046511627906976744,0.014184397163120567,0.0439756763419416,0.07261146496815286,0.05939524838012959,2,57,59,0.03389830508474576
2133,24|7|15|22,R1_045_056__endpoint_delta__sign-1__w0.50__lam0.25 | R2_057_080__curv_mean__sign-1__w0.70__lam0.55 | R3_097_128__abs_slope_max__sign+1__w0.70__lam0.70 | R4_117_128__curv_sd__sign+1__w0.70__lam0.70,17602,"+---,-++-,+++-,-+-+,-+++",True,0.015503875968992248,0.047998304847133924,0.04266389177939646,0.03577981651376147,2,41,43,0.046511627906976744,0.014184397163120567,0.0439756763419416,0.07261146496815286,0.05939524838012959,2,57,59,0.03389830508474576
2134,24|7|15|23,R1_045_056__endpoint_delta__sign-1__w0.50__lam0.25 | R2_057_080__curv_mean__sign-1__w0.70__lam0.55 | R3_097_128__abs_slope_max__sign+1__w0.70__lam0.70 | R4_117_128__abs_curv_max__sign+1__w0.70__lam0.70,16586,"+---,++--,-++-,+++-,-+++",True,0.015503875968992248,0.047998304847133924,0.04266389177939646,0.03577981651376147,2,41,43,0.046511627906976744,0.014184397163120567,0.0439756763419416,0.07261146496815286,0.05939524838012959,2,57,59,0.03389830508474576
2180,24|8|15|20,R1_045_056__endpoint_delta__sign-1__w0.50__lam0.25 | R2_057_080__curv_mean__sign-1__w0.50__lam0.70 | R3_097_128__abs_slope_max__sign+1__w0.70__lam0.70 | R4_117_128__abs_curv_mean__sign+1__w0.70__lam0.70,16610,"+---,+-+-,-++-,+++-,-+++",True,0.015503875968992248,0.047998304847133924,0.04266389177939646,0.03577981651376147,2,41,43,0.046511627906976744,0.014184397163120567,0.0439756763419416,0.07261146496815286,0.05939524838012959,2,57,59,0.03389830508474576
2150,24|7|26|18,R1_045_056__endpoint_delta__sign-1__w0.50__lam0.25 | R2_057_080__curv_mean__sign-1__w0.70__lam0.55 | R3_097_128__linear_slope__sign+1__w0.35__lam0.25 | R4_117_128__abs_slope_max__sign+1__w0.70__lam0.70,9258,"+---,++--,+-+-,-+-+,+-++",True,0.007751937984496124,0.03624479660541807,0.04058272632674298,0.03486238532110092,1,39,40,0.025,0.014184397163120567,0.0439756763419416,0.07261146496815286,0.05939524838012959,2,57,59,0.03389830508474576
2199,24|8|26|18,R1_045_056__endpoint_delta__sign-1__w0.50__lam0.25 | R2_057_080__curv_mean__sign-1__w0.50__lam0.70 | R3_097_128__linear_slope__sign+1__w0.35__lam0.25 | R4_117_128__abs_slope_max__sign+1__w0.70__lam0.70,42018,"+---,+-+-,-+-+,+-++,++++",True,0.007751937984496124,0.03624479660541807,0.04058272632674298,0.03486238532110092,1,39,40,0.025,0.014184397163120567,0.0439756763419416,0.07261146496815286,0.05939524838012959,2,57,59,0.03389830508474576
2180,24|8|15|20,R1_045_056__endpoint_delta__sign-1__w0.50__lam0.25 | R2_057_080__curv_mean__sign-1__w0.50__lam0.70 | R3_097_128__abs_slope_max__sign+1__w0.70__lam0.70 | R4_117_128__abs_curv_mean__sign+1__w0.70__lam0.70,18626,"+---,-++-,+++-,++-+,-+++",True,0.015503875968992248,0.047998304847133924,0.04058272632674298,0.03394495412844037,2,39,41,0.04878048780487805,0.014184397163120567,0.0439756763419416,0.07261146496815286,0.05939524838012959,2,57,59,0.03389830508474576
2182,24|8|15|22,R1_045_056__endpoint_delta__sign-1__w0.50__lam0.25 | R2_057_080__curv_mean__sign-1__w0.50__lam0.70 | R3_097_128__abs_slope_max__sign+1__w0.70__lam0.70 | R4_117_128__curv_sd__sign+1__w0.70__lam0.70,18626,"+---,-++-,+++-,++-+,-+++",True,0.015503875968992248,0.047998304847133924,0.04058272632674298,0.03394495412844037,2,39,41,0.04878048780487805,0.014184397163120567,0.0439756763419416,0.07261146496815286,0.05939524838012959,2,57,59,0.03389830508474576
2183,24|8|15|23,R1_045_056__endpoint_delta__sign-1__w0.50__lam0.25 | R2_057_080__curv_mean__sign-1__w0.50__lam0.70 | R3_097_128__abs_slope_max__sign+1__w0.70__lam0.70 | R4_117_128__abs_curv_max__sign+1__w0.70__lam0.70,16610,"+---,+-+-,-++-,+++-,-+++",True,0.015503875968992248,0.047998304847133924,0.04058272632674298,0.03394495412844037,2,39,41,0.04878048780487805,0.014184397163120567,0.0439756763419416,0.07261146496815286,0.05939524838012959,2,57,59,0.03389830508474576
2183,24|8|15|23,R1_045_056__endpoint_delta__sign-1__w0.50__lam0.25 | R2_057_080__curv_mean__sign-1__w0.50__lam0.70 | R3_097_128__abs_slope_max__sign+1__w0.70__lam0.70 | R4_117_128__abs_curv_max__sign+1__w0.70__lam0.70,18626,"+---,-++-,+++-,++-+,-+++",True,0.015503875968992248,0.047998304847133924,0.04058272632674298,0.03394495412844037,2,39,41,0.04878048780487805,0.014184397163120567,0.0439756763419416,0.07261146496815286,0.05939524838012959,2,57,59,0.03389830508474576
2184,24|8|15|27,R1_045_056__endpoint_delta__sign-1__w0.50__lam0.25 | R2_057_080__curv_mean__sign-1__w0.50__lam0.70 | R3_097_128__abs_slope_max__sign+1__w0.70__lam0.70 | R4_117_128__endpoint_delta__sign-1__w0.50__lam0.25,19776,"-++-,---+,-+-+,++-+,-+++",True,0.015503875968992248,0.047998304847133924,0.03850156087408949,0.03211009174311927,2,37,39,0.05128205128205128,0.014184397163120567,0.0439756763419416,0.07261146496815286,0.05939524838012959,2,57,59,0.03389830508474576
2335,24|11|16|21,R1_045_056__endpoint_delta__sign-1__w0.50__lam0.25 | R2_057_080__level_mean__sign+1__w0.70__lam0.55 | R3_097_128__curv_sd__sign+1__w0.50__lam0.70 | R4_117_128__level_mean__sign+1__w0.70__lam0.70,33874,"+---,--+-,-++-,-+-+,++++",True,0.015503875968992248,0.047998304847133924,0.062434963579604576,0.05321100917431193,2,60,62,0.03225806451612903,0.0070921985815602835,0.033201046091090064,0.07133757961783439,0.05939524838012959,1,56,57,0.017543859649122806
2128,24|7|14|27,R1_045_056__endpoint_delta__sign-1__w0.50__lam0.25 | R2_057_080__curv_mean__sign-1__w0.70__lam0.55 | R3_097_128__abs_curv_max__sign+1__w0.70__lam0.70 | R4_117_128__endpoint_delta__sign-1__w0.50__lam0.25,21570,"+---,-++-,-+-+,--++,-+++",True,0.015503875968992248,0.047998304847133924,0.05931321540062435,0.05045871559633028,2,57,59,0.03389830508474576,0.014184397163120567,0.0439756763419416,0.07133757961783439,0.058315334773218146,2,56,58,0.034482758620689655
1698,4|25|16|21,R1_045_056__abs_slope_mean__sign-1__w0.70__lam0.70 | R2_057_080__level_mean__sign-1__w0.70__lam0.25 | R3_097_128__curv_sd__sign+1__w0.50__lam0.70 | R4_117_128__level_mean__sign+1__w0.70__lam0.70,632,"++--,--+-,+-+-,-++-,+--+",True,0.015503875968992248,0.047998304847133924,0.05619146722164412,0.047706422018348627,2,54,56,0.03571428571428571,0.014184397163120567,0.0439756763419416,0.07133757961783439,0.058315334773218146,2,56,58,0.034482758620689655
2286,24|10|16|21,R1_045_056__endpoint_delta__sign-1__w0.50__lam0.25 | R2_057_080__linear_slope__sign+1__w0.70__lam0.70 | R3_097_128__curv_sd__sign+1__w0.50__lam0.70 | R4_117_128__level_mean__sign+1__w0.70__lam0.70,8282,"+---,++--,--+-,-++-,+-++",True,0.015503875968992248,0.047998304847133924,0.054110301768990635,0.045871559633027525,2,52,54,0.037037037037037035,0.014184397163120567,0.0439756763419416,0.07133757961783439,0.058315334773218146,2,56,58,0.034482758620689655
196,0|9|26|27,R1_045_056__linear_slope__sign+1__w0.70__lam0.70 | R2_057_080__level_mean__sign+1__w0.70__lam0.70 | R3_097_128__linear_slope__sign+1__w0.35__lam0.25 | R4_117_128__endpoint_delta__sign-1__w0.50__lam0.25,7682,"+---,+--+,-+-+,++-+,--++",True,0.007751937984496124,0.03624479660541807,0.05202913631633715,0.044954128440366975,1,50,51,0.0196078431372549,0.014184397163120567,0.0439756763419416,0.07133757961783439,0.058315334773218146,2,56,58,0.034482758620689655
2181,24|8|15|21,R1_045_056__endpoint_delta__sign-1__w0.50__lam0.25 | R2_057_080__curv_mean__sign-1__w0.50__lam0.70 | R3_097_128__abs_slope_max__sign+1__w0.70__lam0.70 | R4_117_128__level_mean__sign+1__w0.70__lam0.70,19522,"+---,-++-,-+-+,++-+,-+++",True,0.015503875968992248,0.047998304847133924,0.05202913631633715,0.044036697247706424,2,50,52,0.038461538461538464,0.014184397163120567,0.0439756763419416,0.07133757961783439,0.058315334773218146,2,56,58,0.034482758620689655
2237,24|9|16|21,R1_045_056__endpoint_delta__sign-1__w0.50__lam0.25 | R2_057_080__level_mean__sign+1__w0.70__lam0.70 | R3_097_128__curv_sd__sign+1__w0.50__lam0.70 | R4_117_128__level_mean__sign+1__w0.70__lam0.70,218,"+---,++--,--+-,-++-,+++-",True,0.015503875968992248,0.047998304847133924,0.05202913631633715,0.044036697247706424,2,50,52,0.038461538461538464,0.014184397163120567,0.0439756763419416,0.07133757961783439,0.058315334773218146,2,56,58,0.034482758620689655
2335,24|11|16|21,R1_045_056__endpoint_delta__sign-1__w0.50__lam0.25 | R2_057_080__level_mean__sign+1__w0.70__lam0.55 | R3_097_128__curv_sd__sign+1__w0.50__lam0.70 | R4_117_128__level_mean__sign+1__w0.70__lam0.70,218,"+---,++--,--+-,-++-,+++-",True,0.015503875968992248,0.047998304847133924,0.05202913631633715,0.044036697247706424,2,50,52,0.038461538461538464,0.014184397163120567,0.0439756763419416,0.07133757961783439,0.058315334773218146,2,56,58,0.034482758620689655
2135,24|7|15|27,R1_045_056__endpoint_delta__sign-1__w0.50__lam0.25 | R2_057_080__curv_mean__sign-1__w0.70__lam0.55 | R3_097_128__abs_slope_max__sign+1__w0.70__lam0.70 | R4_117_128__endpoint_delta__sign-1__w0.50__lam0.25,18530,"+---,+-+-,-++-,++-+,-+++",True,0.015503875968992248,0.047998304847133924,0.05098855359001041,0.043119266055045874,2,49,51,0.0392156862745098,0.014184397163120567,0.0439756763419416,0.07133757961783439,0.058315334773218146,2,56,58,0.034482758620689655
2157,24|8|12|18,R1_045_056__endpoint_delta__sign-1__w0.50__lam0.25 | R2_057_080__curv_mean__sign-1__w0.50__lam0.70 | R3_097_128__curv_sd__sign+1__w0.70__lam0.70 | R4_117_128__abs_slope_max__sign+1__w0.70__lam0.70,17482,"+---,++--,-++-,-+-+,-+++",True,0.015503875968992248,0.047998304847133924,0.05098855359001041,0.043119266055045874,2,49,51,0.0392156862745098,0.014184397163120567,0.0439756763419416,0.07133757961783439,0.058315334773218146,2,56,58,0.034482758620689655
2171,24|8|14|18,R1_045_056__endpoint_delta__sign-1__w0.50__lam0.25 | R2_057_080__curv_mean__sign-1__w0.50__lam0.70 | R3_097_128__abs_curv_max__sign+1__w0.70__lam0.70 | R4_117_128__abs_slope_max__sign+1__w0.70__lam0.70,17482,"+---,++--,-++-,-+-+,-+++",True,0.015503875968992248,0.047998304847133924,0.05098855359001041,0.043119266055045874,2,49,51,0.0392156862745098,0.014184397163120567,0.0439756763419416,0.07133757961783439,0.058315334773218146,2,56,58,0.034482758620689655
2181,24|8|15|21,R1_045_056__endpoint_delta__sign-1__w0.50__lam0.25 | R2_057_080__curv_mean__sign-1__w0.50__lam0.70 | R3_097_128__abs_slope_max__sign+1__w0.70__lam0.70 | R4_117_128__level_mean__sign+1__w0.70__lam0.70,50242,"+---,-++-,-+-+,-+++,++++",True,0.015503875968992248,0.047998304847133924,0.05098855359001041,0.043119266055045874,2,49,51,0.0392156862745098,0.014184397163120567,0.0439756763419416,0.07133757961783439,0.058315334773218146,2,56,58,0.034482758620689655
2184,24|8|15|27,R1_045_056__endpoint_delta__sign-1__w0.50__lam0.25 | R2_057_080__curv_mean__sign-1__w0.50__lam0.70 | R3_097_128__abs_slope_max__sign+1__w0.70__lam0.70 | R4_117_128__endpoint_delta__sign-1__w0.50__lam0.25,16490,"+---,++--,+-+-,-++-,-+++",True,0.015503875968992248,0.047998304847133924,0.05098855359001041,0.043119266055045874,2,49,51,0.0392156862745098,0.014184397163120567,0.0439756763419416,0.07133757961783439,0.058315334773218146,2,56,58,0.034482758620689655
2150,24|7|26|18,R1_045_056__endpoint_delta__sign-1__w0.50__lam0.25 | R2_057_080__curv_mean__sign-1__w0.70__lam0.55 | R3_097_128__linear_slope__sign+1__w0.35__lam0.25 | R4_117_128__abs_slope_max__sign+1__w0.70__lam0.70,9290,"+---,++--,-++-,-+-+,+-++",True,0.007751937984496124,0.03624479660541807,0.04890738813735692,0.04220183486238532,1,47,48,0.020833333333333332,0.014184397163120567,0.0439756763419416,0.07133757961783439,0.058315334773218146,2,56,58,0.034482758620689655
2180,24|8|15|20,R1_045_056__endpoint_delta__sign-1__w0.50__lam0.25 | R2_057_080__curv_mean__sign-1__w0.50__lam0.70 | R3_097_128__abs_slope_max__sign+1__w0.70__lam0.70 | R4_117_128__abs_curv_mean__sign+1__w0.70__lam0.70,17482,"+---,++--,-++-,-+-+,-+++",True,0.015503875968992248,0.047998304847133924,0.04994797086368366,0.04220183486238532,2,48,50,0.04,0.014184397163120567,0.0439756763419416,0.07133757961783439,0.058315334773218146,2,56,58,0.034482758620689655
2135,24|7|15|27,R1_045_056__endpoint_delta__sign-1__w0.50__lam0.25 | R2_057_080__curv_mean__sign-1__w0.70__lam0.55 | R3_097_128__abs_slope_max__sign+1__w0.70__lam0.70 | R4_117_128__endpoint_delta__sign-1__w0.50__lam0.25,17482,"+---,++--,-++-,-+-+,-+++",True,0.007751937984496124,0.03624479660541807,0.047866805411030174,0.04128440366972477,1,46,47,0.02127659574468085,0.014184397163120567,0.0439756763419416,0.07133757961783439,0.058315334773218146,2,56,58,0.034482758620689655
2178,24|8|15|18,R1_045_056__endpoint_delta__sign-1__w0.50__lam0.25 | R2_057_080__curv_mean__sign-1__w0.50__lam0.70 | R3_097_128__abs_slope_max__sign+1__w0.70__lam0.70 | R4_117_128__abs_slope_max__sign+1__w0.70__lam0.70,16970,"+---,++--,-++-,+--+,-+++",True,0.015503875968992248,0.047998304847133924,0.04890738813735692,0.04128440366972477,2,47,49,0.04081632653061224,0.014184397163120567,0.0439756763419416,0.07133757961783439,0.058315334773218146,2,56,58,0.034482758620689655
2180,24|8|15|20,R1_045_056__endpoint_delta__sign-1__w0.50__lam0.25 | R2_057_080__curv_mean__sign-1__w0.50__lam0.70 | R3_097_128__abs_slope_max__sign+1__w0.70__lam0.70 | R4_117_128__abs_curv_mean__sign+1__w0.70__lam0.70,16970,"+---,++--,-++-,+--+,-+++",True,0.015503875968992248,0.047998304847133924,0.04890738813735692,0.04128440366972477,2,47,49,0.04081632653061224,0.014184397163120567,0.0439756763419416,0.07133757961783439,0.058315334773218146,2,56,58,0.034482758620689655
2183,24|8|15|23,R1_045_056__endpoint_delta__sign-1__w0.50__lam0.25 | R2_057_080__curv_mean__sign-1__w0.50__lam0.70 | R3_097_128__abs_slope_max__sign+1__w0.70__lam0.70 | R4_117_128__abs_curv_max__sign+1__w0.70__lam0.70,17986,"+---,-++-,+--+,-+-+,-+++",True,0.015503875968992248,0.047998304847133924,0.04890738813735692,0.04128440366972477,2,47,49,0.04081632653061224,0.014184397163120567,0.0439756763419416,0.07133757961783439,0.058315334773218146,2,56,58,0.034482758620689655
2129,24|7|15|18,R1_045_056__endpoint_delta__sign-1__w0.50__lam0.25 | R2_057_080__curv_mean__sign-1__w0.70__lam0.55 | R3_097_128__abs_slope_max__sign+1__w0.70__lam0.70 | R4_117_128__abs_slope_max__sign+1__w0.70__lam0.70,16538,"+---,++--,--+-,+++-,-+++",True,0.015503875968992248,0.047998304847133924,0.047866805411030174,0.04036697247706422,2,46,48,0.041666666666666664,0.014184397163120567,0.0439756763419416,0.07133757961783439,0.058315334773218146,2,56,58,0.034482758620689655
2134,24|7|15|23,R1_045_056__endpoint_delta__sign-1__w0.50__lam0.25 | R2_057_080__curv_mean__sign-1__w0.70__lam0.55 | R3_097_128__abs_slope_max__sign+1__w0.70__lam0.70 | R4_117_128__abs_curv_max__sign+1__w0.70__lam0.70,17482,"+---,++--,-++-,-+-+,-+++",True,0.015503875968992248,0.047998304847133924,0.047866805411030174,0.04036697247706422,2,46,48,0.041666666666666664,0.014184397163120567,0.0439756763419416,0.07133757961783439,0.058315334773218146,2,56,58,0.034482758620689655
2178,24|8|15|18,R1_045_056__endpoint_delta__sign-1__w0.50__lam0.25 | R2_057_080__curv_mean__sign-1__w0.50__lam0.70 | R3_097_128__abs_slope_max__sign+1__w0.70__lam0.70 | R4_117_128__abs_slope_max__sign+1__w0.70__lam0.70,17930,"+---,++--,+--+,-+-+,-+++",True,0.015503875968992248,0.047998304847133924,0.047866805411030174,0.04036697247706422,2,46,48,0.041666666666666664,0.014184397163120567,0.0439756763419416,0.07133757961783439,0.058315334773218146,2,56,58,0.034482758620689655
2179,24|8|15|19,R1_045_056__endpoint_delta__sign-1__w0.50__lam0.25 | R2_057_080__curv_mean__sign-1__w0.50__lam0.70 | R3_097_128__abs_slope_max__sign+1__w0.70__lam0.70 | R4_117_128__slope_sd__sign+1__w0.70__lam0.70,16490,"+---,++--,+-+-,-++-,-+++",True,0.015503875968992248,0.047998304847133924,0.047866805411030174,0.04036697247706422,2,46,48,0.041666666666666664,0.014184397163120567,0.0439756763419416,0.07133757961783439,0.058315334773218146,2,56,58,0.034482758620689655
2179,24|8|15|19,R1_045_056__endpoint_delta__sign-1__w0.50__lam0.25 | R2_057_080__curv_mean__sign-1__w0.50__lam0.70 | R3_097_128__abs_slope_max__sign+1__w0.70__lam0.70 | R4_117_128__slope_sd__sign+1__w0.70__lam0.70,16970,"+---,++--,-++-,+--+,-+++",True,0.015503875968992248,0.047998304847133924,0.047866805411030174,0.04036697247706422,2,46,48,0.041666666666666664,0.014184397163120567,0.0439756763419416,0.07133757961783439,0.058315334773218146,2,56,58,0.034482758620689655
2182,24|8|15|22,R1_045_056__endpoint_delta__sign-1__w0.50__lam0.25 | R2_057_080__curv_mean__sign-1__w0.50__lam0.70 | R3_097_128__abs_slope_max__sign+1__w0.70__lam0.70 | R4_117_128__curv_sd__sign+1__w0.70__lam0.70,16970,"+---,++--,-++-,+--+,-+++",True,0.015503875968992248,0.047998304847133924,0.047866805411030174,0.04036697247706422,2,46,48,0.041666666666666664,0.014184397163120567,0.0439756763419416,0.07133757961783439,0.058315334773218146,2,56,58,0.034482758620689655
2182,24|8|15|22,R1_045_056__endpoint_delta__sign-1__w0.50__lam0.25 | R2_057_080__curv_mean__sign-1__w0.50__lam0.70 | R3_097_128__abs_slope_max__sign+1__w0.70__lam0.70 | R4_117_128__curv_sd__sign+1__w0.70__lam0.70,17986,"+---,-++-,+--+,-+-+,-+++",True,0.015503875968992248,0.047998304847133924,0.047866805411030174,0.04036697247706422,2,46,48,0.041666666666666664,0.014184397163120567,0.0439756763419416,0.07133757961783439,0.058315334773218146,2,56,58,0.034482758620689655
2183,24|8|15|23,R1_045_056__endpoint_delta__sign-1__w0.50__lam0.25 | R2_057_080__curv_mean__sign-1__w0.50__lam0.70 | R3_097_128__abs_slope_max__sign+1__w0.70__lam0.70 | R4_117_128__abs_curv_max__sign+1__w0.70__lam0.70,16970,"+---,++--,-++-,+--+,-+++",True,0.015503875968992248,0.047998304847133924,0.047866805411030174,0.04036697247706422,2,46,48,0.041666666666666664,0.014184397163120567,0.0439756763419416,0.07133757961783439,0.058315334773218146,2,56,58,0.034482758620689655
173,0|9|15|22,R1_045_056__linear_slope__sign+1__w0.70__lam0.70 | R2_057_080__level_mean__sign+1__w0.70__lam0.70 | R3_097_128__abs_slope_max__sign+1__w0.70__lam0.70 | R4_117_128__curv_sd__sign+1__w0.70__lam0.70,24626,"+---,--+-,+-+-,+-++,-+++",True,0.015503875968992248,0.047998304847133924,0.046826222684703434,0.03944954128440367,2,45,47,0.0425531914893617,0.014184397163120567,0.0439756763419416,0.07133757961783439,0.058315334773218146,2,56,58,0.034482758620689655
2150,24|7|26|18,R1_045_056__endpoint_delta__sign-1__w0.50__lam0.25 | R2_057_080__curv_mean__sign-1__w0.70__lam0.55 | R3_097_128__linear_slope__sign+1__w0.35__lam0.25 | R4_117_128__abs_slope_max__sign+1__w0.70__lam0.70,1130,"+---,++--,+-+-,-++-,-+-+",True,0.015503875968992248,0.047998304847133924,0.046826222684703434,0.03944954128440367,2,45,47,0.0425531914893617,0.014184397163120567,0.0439756763419416,0.07133757961783439,0.058315334773218146,2,56,58,0.034482758620689655
2178,24|8|15|18,R1_045_056__endpoint_delta__sign-1__w0.50__lam0.25 | R2_057_080__curv_mean__sign-1__w0.50__lam0.70 | R3_097_128__abs_slope_max__sign+1__w0.70__lam0.70 | R4_117_128__abs_slope_max__sign+1__w0.70__lam0.70,18506,"+---,++--,-++-,++-+,-+++",True,0.007751937984496124,0.03624479660541807,0.045785639958376693,0.03944954128440367,1,44,45,0.022222222222222223,0.014184397163120567,0.0439756763419416,0.07133757961783439,0.058315334773218146,2,56,58,0.034482758620689655
2180,24|8|15|20,R1_045_056__endpoint_delta__sign-1__w0.50__lam0.25 | R2_057_080__curv_mean__sign-1__w0.50__lam0.70 | R3_097_128__abs_slope_max__sign+1__w0.70__lam0.70 | R4_117_128__abs_curv_mean__sign+1__w0.70__lam0.70,16490,"+---,++--,+-+-,-++-,-+++",True,0.015503875968992248,0.047998304847133924,0.046826222684703434,0.03944954128440367,2,45,47,0.0425531914893617,0.014184397163120567,0.0439756763419416,0.07133757961783439,0.058315334773218146,2,56,58,0.034482758620689655
2184,24|8|15|27,R1_045_056__endpoint_delta__sign-1__w0.50__lam0.25 | R2_057_080__curv_mean__sign-1__w0.50__lam0.70 | R3_097_128__abs_slope_max__sign+1__w0.70__lam0.70 | R4_117_128__endpoint_delta__sign-1__w0.50__lam0.25,19010,"+---,-++-,+--+,++-+,-+++",True,0.015503875968992248,0.047998304847133924,0.046826222684703434,0.03944954128440367,2,45,47,0.0425531914893617,0.014184397163120567,0.0439756763419416,0.07133757961783439,0.058315334773218146,2,56,58,0.034482758620689655
173,0|9|15|22,R1_045_056__linear_slope__sign+1__w0.70__lam0.70 | R2_057_080__level_mean__sign+1__w0.70__lam0.70 | R3_097_128__abs_slope_max__sign+1__w0.70__lam0.70 | R4_117_128__curv_sd__sign+1__w0.70__lam0.70,24658,"+---,--+-,-++-,+-++,-+++",True,0.015503875968992248,0.047998304847133924,0.045785639958376693,0.03853211009174312,2,44,46,0.043478260869565216,0.014184397163120567,0.0439756763419416,0.07133757961783439,0.058315334773218146,2,56,58,0.034482758620689655
2129,24|7|15|18,R1_045_056__endpoint_delta__sign-1__w0.50__lam0.25 | R2_057_080__curv_mean__sign-1__w0.70__lam0.55 | R3_097_128__abs_slope_max__sign+1__w0.70__lam0.70 | R4_117_128__abs_slope_max__sign+1__w0.70__lam0.70,17482,"+---,++--,-++-,-+-+,-+++",True,0.007751937984496124,0.03624479660541807,0.044745057232049947,0.03853211009174312,1,43,44,0.022727272727272728,0.014184397163120567,0.0439756763419416,0.07133757961783439,0.058315334773218146,2,56,58,0.034482758620689655
2132,24|7|15|21,R1_045_056__endpoint_delta__sign-1__w0.50__lam0.25 | R2_057_080__curv_mean__sign-1__w0.70__lam0.55 | R3_097_128__abs_slope_max__sign+1__w0.70__lam0.70 | R4_117_128__level_mean__sign+1__w0.70__lam0.70,16970,"+---,++--,-++-,+--+,-+++",True,0.015503875968992248,0.047998304847133924,0.045785639958376693,0.03853211009174312,2,44,46,0.043478260869565216,0.014184397163120567,0.0439756763419416,0.07133757961783439,0.058315334773218146,2,56,58,0.034482758620689655
2133,24|7|15|22,R1_045_056__endpoint_delta__sign-1__w0.50__lam0.25 | R2_057_080__curv_mean__sign-1__w0.70__lam0.55 | R3_097_128__abs_slope_max__sign+1__w0.70__lam0.70 | R4_117_128__curv_sd__sign+1__w0.70__lam0.70,17482,"+---,++--,-++-,-+-+,-+++",True,0.015503875968992248,0.047998304847133924,0.045785639958376693,0.03853211009174312,2,44,46,0.043478260869565216,0.014184397163120567,0.0439756763419416,0.07133757961783439,0.058315334773218146,2,56,58,0.034482758620689655
2178,24|8|15|18,R1_045_056__endpoint_delta__sign-1__w0.50__lam0.25 | R2_057_080__curv_mean__sign-1__w0.50__lam0.70 | R3_097_128__abs_slope_max__sign+1__w0.70__lam0.70 | R4_117_128__abs_slope_max__sign+1__w0.70__lam0.70,19466,"+---,++--,-+-+,++-+,-+++",True,0.007751937984496124,0.03624479660541807,0.044745057232049947,0.03853211009174312,1,43,44,0.022727272727272728,0.014184397163120567,0.0439756763419416,0.07133757961783439,0.058315334773218146,2,56,58,0.034482758620689655
2183,24|8|15|23,R1_045_056__endpoint_delta__sign-1__w0.50__lam0.25 | R2_057_080__curv_mean__sign-1__w0.50__lam0.70 | R3_097_128__abs_slope_max__sign+1__w0.70__lam0.70 | R4_117_128__abs_curv_max__sign+1__w0.70__lam0.70,17506,"+---,+-+-,-++-,-+-+,-+++",True,0.015503875968992248,0.047998304847133924,0.045785639958376693,0.03853211009174312,2,44,46,0.043478260869565216,0.014184397163120567,0.0439756763419416,0.07133757961783439,0.058315334773218146,2,56,58,0.034482758620689655
2183,24|8|15|23,R1_045_056__endpoint_delta__sign-1__w0.50__lam0.25 | R2_057_080__curv_mean__sign-1__w0.50__lam0.70 | R3_097_128__abs_slope_max__sign+1__w0.70__lam0.70 | R4_117_128__abs_curv_max__sign+1__w0.70__lam0.70,19522,"+---,-++-,-+-+,++-+,-+++",True,0.015503875968992248,0.047998304847133924,0.045785639958376693,0.03853211009174312,2,44,46,0.043478260869565216,0.014184397163120567,0.0439756763419416,0.07133757961783439,0.058315334773218146,2,56,58,0.034482758620689655
2131,24|7|15|20,R1_045_056__endpoint_delta__sign-1__w0.50__lam0.25 | R2_057_080__curv_mean__sign-1__w0.70__lam0.55 | R3_097_128__abs_slope_max__sign+1__w0.70__lam0.70 | R4_117_128__abs_curv_mean__sign+1__w0.70__lam0.70,17602,"+---,-++-,+++-,-+-+,-+++",True,0.015503875968992248,0.047998304847133924,0.044745057232049947,0.03761467889908257,2,43,45,0.044444444444444446,0.014184397163120567,0.0439756763419416,0.07133757961783439,0.058315334773218146,2,56,58,0.034482758620689655
2179,24|8|15|19,R1_045_056__endpoint_delta__sign-1__w0.50__lam0.25 | R2_057_080__curv_mean__sign-1__w0.50__lam0.70 | R3_097_128__abs_slope_max__sign+1__w0.70__lam0.70 | R4_117_128__slope_sd__sign+1__w0.70__lam0.70,18506,"+---,++--,-++-,++-+,-+++",True,0.015503875968992248,0.047998304847133924,0.044745057232049947,0.03761467889908257,2,43,45,0.044444444444444446,0.014184397163120567,0.0439756763419416,0.07133757961783439,0.058315334773218146,2,56,58,0.034482758620689655
2179,24|8|15|19,R1_045_056__endpoint_delta__sign-1__w0.50__lam0.25 | R2_057_080__curv_mean__sign-1__w0.50__lam0.70 | R3_097_128__abs_slope_max__sign+1__w0.70__lam0.70 | R4_117_128__slope_sd__sign+1__w0.70__lam0.70,16610,"+---,+-+-,-++-,+++-,-+++",True,0.015503875968992248,0.047998304847133924,0.044745057232049947,0.03761467889908257,2,43,45,0.044444444444444446,0.014184397163120567,0.0439756763419416,0.07133757961783439,0.058315334773218146,2,56,58,0.034482758620689655
2179,24|8|15|19,R1_045_056__endpoint_delta__sign-1__w0.50__lam0.25 | R2_057_080__curv_mean__sign-1__w0.50__lam0.70 | R3_097_128__abs_slope_max__sign+1__w0.70__lam0.70 | R4_117_128__slope_sd__sign+1__w0.70__lam0.70,17090,"+---,-++-,+++-,+--+,-+++",True,0.015503875968992248,0.047998304847133924,0.044745057232049947,0.03761467889908257,2,43,45,0.044444444444444446,0.014184397163120567,0.0439756763419416,0.07133757961783439,0.058315334773218146,2,56,58,0.034482758620689655
2180,24|8|15|20,R1_045_056__endpoint_delta__sign-1__w0.50__lam0.25 | R2_057_080__curv_mean__sign-1__w0.50__lam0.70 | R3_097_128__abs_slope_max__sign+1__w0.70__lam0.70 | R4_117_128__abs_curv_mean__sign+1__w0.70__lam0.70,18506,"+---,++--,-++-,++-+,-+++",True,0.015503875968992248,0.047998304847133924,0.044745057232049947,0.03761467889908257,2,43,45,0.044444444444444446,0.014184397163120567,0.0439756763419416,0.07133757961783439,0.058315334773218146,2,56,58,0.034482758620689655
2183,24|8|15|23,R1_045_056__endpoint_delta__sign-1__w0.50__lam0.25 | R2_057_080__curv_mean__sign-1__w0.50__lam0.70 | R3_097_128__abs_slope_max__sign+1__w0.70__lam0.70 | R4_117_128__abs_curv_max__sign+1__w0.70__lam0.70,16490,"+---,++--,+-+-,-++-,-+++",True,0.015503875968992248,0.047998304847133924,0.044745057232049947,0.03761467889908257,2,43,45,0.044444444444444446,0.014184397163120567,0.0439756763419416,0.07133757961783439,0.058315334773218146,2,56,58,0.034482758620689655
2183,24|8|15|23,R1_045_056__endpoint_delta__sign-1__w0.50__lam0.25 | R2_057_080__curv_mean__sign-1__w0.50__lam0.70 | R3_097_128__abs_slope_max__sign+1__w0.70__lam0.70 | R4_117_128__abs_curv_max__sign+1__w0.70__lam0.70,18506,"+---,++--,-++-,++-+,-+++",True,0.015503875968992248,0.047998304847133924,0.044745057232049947,0.03761467889908257,2,43,45,0.044444444444444446,0.014184397163120567,0.0439756763419416,0.07133757961783439,0.058315334773218146,2,56,58,0.034482758620689655
2129,24|7|15|18,R1_045_056__endpoint_delta__sign-1__w0.50__lam0.25 | R2_057_080__curv_mean__sign-1__w0.70__lam0.55 | R3_097_128__abs_slope_max__sign+1__w0.70__lam0.70 | R4_117_128__abs_slope_max__sign+1__w0.70__lam0.70,16594,"+---,--+-,-++-,+++-,-+++",True,0.015503875968992248,0.047998304847133924,0.043704474505723206,0.03669724770642202,2,42,44,0.045454545454545456,0.014184397163120567,0.0439756763419416,0.07133757961783439,0.058315334773218146,2,56,58,0.034482758620689655
2130,24|7|15|19,R1_045_056__endpoint_delta__sign-1__w0.50__lam0.25 | R2_057_080__curv_mean__sign-1__w0.70__lam0.55 | R3_097_128__abs_slope_max__sign+1__w0.70__lam0.70 | R4_117_128__slope_sd__sign+1__w0.70__lam0.70,16586,"+---,++--,-++-,+++-,-+++",True,0.015503875968992248,0.047998304847133924,0.043704474505723206,0.03669724770642202,2,42,44,0.045454545454545456,0.014184397163120567,0.0439756763419416,0.07133757961783439,0.058315334773218146,2,56,58,0.034482758620689655
2131,24|7|15|20,R1_045_056__endpoint_delta__sign-1__w0.50__lam0.25 | R2_057_080__curv_mean__sign-1__w0.70__lam0.55 | R3_097_128__abs_slope_max__sign+1__w0.70__lam0.70 | R4_117_128__abs_curv_mean__sign+1__w0.70__lam0.70,17090,"+---,-++-,+++-,+--+,-+++",True,0.015503875968992248,0.047998304847133924,0.043704474505723206,0.03669724770642202,2,42,44,0.045454545454545456,0.014184397163120567,0.0439756763419416,0.07133757961783439,0.058315334773218146,2,56,58,0.034482758620689655
2133,24|7|15|22,R1_045_056__endpoint_delta__sign-1__w0.50__lam0.25 | R2_057_080__curv_mean__sign-1__w0.70__lam0.55 | R3_097_128__abs_slope_max__sign+1__w0.70__lam0.70 | R4_117_128__curv_sd__sign+1__w0.70__lam0.70,17090,"+---,-++-,+++-,+--+,-+++",True,0.015503875968992248,0.047998304847133924,0.043704474505723206,0.03669724770642202,2,42,44,0.045454545454545456,0.014184397163120567,0.0439756763419416,0.07133757961783439,0.058315334773218146,2,56,58,0.034482758620689655
2150,24|7|26|18,R1_045_056__endpoint_delta__sign-1__w0.50__lam0.25 | R2_057_080__curv_mean__sign-1__w0.70__lam0.55 | R3_097_128__linear_slope__sign+1__w0.35__lam0.25 | R4_117_128__abs_slope_max__sign+1__w0.70__lam0.70,25634,"+---,+-+-,-+-+,+-++,-+++",True,0.015503875968992248,0.047998304847133924,0.043704474505723206,0.03669724770642202,2,42,44,0.045454545454545456,0.014184397163120567,0.0439756763419416,0.07133757961783439,0.058315334773218146,2,56,58,0.034482758620689655
2178,24|8|15|18,R1_045_056__endpoint_delta__sign-1__w0.50__lam0.25 | R2_057_080__curv_mean__sign-1__w0.50__lam0.70 | R3_097_128__abs_slope_max__sign+1__w0.70__lam0.70 | R4_117_128__abs_slope_max__sign+1__w0.70__lam0.70,18578,"+---,--+-,+++-,++-+,-+++",True,0.015503875968992248,0.047998304847133924,0.043704474505723206,0.03669724770642202,2,42,44,0.045454545454545456,0.014184397163120567,0.0439756763419416,0.07133757961783439,0.058315334773218146,2,56,58,0.034482758620689655
2178,24|8|15|18,R1_045_056__endpoint_delta__sign-1__w0.50__lam0.25 | R2_057_080__curv_mean__sign-1__w0.50__lam0.70 | R3_097_128__abs_slope_max__sign+1__w0.70__lam0.70 | R4_117_128__abs_slope_max__sign+1__w0.70__lam0.70,17986,"+---,-++-,+--+,-+-+,-+++",True,0.015503875968992248,0.047998304847133924,0.043704474505723206,0.03669724770642202,2,42,44,0.045454545454545456,0.014184397163120567,0.0439756763419416,0.07133757961783439,0.058315334773218146,2,56,58,0.034482758620689655
2182,24|8|15|22,R1_045_056__endpoint_delta__sign-1__w0.50__lam0.25 | R2_057_080__curv_mean__sign-1__w0.50__lam0.70 | R3_097_128__abs_slope_max__sign+1__w0.70__lam0.70 | R4_117_128__curv_sd__sign+1__w0.70__lam0.70,18506,"+---,++--,-++-,++-+,-+++",True,0.015503875968992248,0.047998304847133924,0.043704474505723206,0.03669724770642202,2,42,44,0.045454545454545456,0.014184397163120567,0.0439756763419416,0.07133757961783439,0.058315334773218146,2,56,58,0.034482758620689655
2182,24|8|15|22,R1_045_056__endpoint_delta__sign-1__w0.50__lam0.25 | R2_057_080__curv_mean__sign-1__w0.50__lam0.70 | R3_097_128__abs_slope_max__sign+1__w0.70__lam0.70 | R4_117_128__curv_sd__sign+1__w0.70__lam0.70,19522,"+---,-++-,-+-+,++-+,-+++",True,0.015503875968992248,0.047998304847133924,0.043704474505723206,0.03669724770642202,2,42,44,0.045454545454545456,0.014184397163120567,0.0439756763419416,0.07133757961783439,0.058315334773218146,2,56,58,0.034482758620689655
2199,24|8|26|18,R1_045_056__endpoint_delta__sign-1__w0.50__lam0.25 | R2_057_080__curv_mean__sign-1__w0.50__lam0.70 | R3_097_128__linear_slope__sign+1__w0.35__lam0.25 | R4_117_128__abs_slope_max__sign+1__w0.70__lam0.70,9378,"+---,+-+-,+++-,-+-+,+-++",True,0.007751937984496124,0.03624479660541807,0.04266389177939646,0.03669724770642202,1,41,42,0.023809523809523808,0.014184397163120567,0.0439756763419416,0.07133757961783439,0.058315334773218146,2,56,58,0.034482758620689655
2107,24|6|26|27,R1_045_056__endpoint_delta__sign-1__w0.50__lam0.25 | R2_057_080__curv_mean__sign-1__w0.70__lam0.70 | R3_097_128__linear_slope__sign+1__w0.35__lam0.25 | R4_117_128__endpoint_delta__sign-1__w0.50__lam0.25,42242,"+---,---+,-+-+,+-++,++++",True,0.015503875968992248,0.047998304847133924,0.04266389177939646,0.03577981651376147,2,41,43,0.046511627906976744,0.014184397163120567,0.0439756763419416,0.07133757961783439,0.058315334773218146,2,56,58,0.034482758620689655
2129,24|7|15|18,R1_045_056__endpoint_delta__sign-1__w0.50__lam0.25 | R2_057_080__curv_mean__sign-1__w0.70__lam0.55 | R3_097_128__abs_slope_max__sign+1__w0.70__lam0.70 | R4_117_128__abs_slope_max__sign+1__w0.70__lam0.70,17554,"+---,--+-,+++-,-+-+,-+++",True,0.015503875968992248,0.047998304847133924,0.04266389177939646,0.03577981651376147,2,41,43,0.046511627906976744,0.014184397163120567,0.0439756763419416,0.07133757961783439,0.058315334773218146,2,56,58,0.034482758620689655
2134,24|7|15|23,R1_045_056__endpoint_delta__sign-1__w0.50__lam0.25 | R2_057_080__curv_mean__sign-1__w0.70__lam0.55 | R3_097_128__abs_slope_max__sign+1__w0.70__lam0.70 | R4_117_128__abs_curv_max__sign+1__w0.70__lam0.70,17090,"+---,-++-,+++-,+--+,-+++",True,0.015503875968992248,0.047998304847133924,0.04266389177939646,0.03577981651376147,2,41,43,0.046511627906976744,0.014184397163120567,0.0439756763419416,0.07133757961783439,0.058315334773218146,2,56,58,0.034482758620689655
2156,24|7|26|27,R1_045_056__endpoint_delta__sign-1__w0.50__lam0.25 | R2_057_080__curv_mean__sign-1__w0.70__lam0.55 | R3_097_128__linear_slope__sign+1__w0.35__lam0.25 | R4_117_128__endpoint_delta__sign-1__w0.50__lam0.25,42242,"+---,---+,-+-+,+-++,++++",True,0.015503875968992248,0.047998304847133924,0.04266389177939646,0.03577981651376147,2,41,43,0.046511627906976744,0.014184397163120567,0.0439756763419416,0.07133757961783439,0.058315334773218146,2,56,58,0.034482758620689655
2205,24|8|26|27,R1_045_056__endpoint_delta__sign-1__w0.50__lam0.25 | R2_057_080__curv_mean__sign-1__w0.50__lam0.70 | R3_097_128__linear_slope__sign+1__w0.35__lam0.25 | R4_117_128__endpoint_delta__sign-1__w0.50__lam0.25,42242,"+---,---+,-+-+,+-++,++++",True,0.015503875968992248,0.047998304847133924,0.04266389177939646,0.03577981651376147,2,41,43,0.046511627906976744,0.014184397163120567,0.0439756763419416,0.07133757961783439,0.058315334773218146,2,56,58,0.034482758620689655
2131,24|7|15|20,R1_045_056__endpoint_delta__sign-1__w0.50__lam0.25 | R2_057_080__curv_mean__sign-1__w0.70__lam0.55 | R3_097_128__abs_slope_max__sign+1__w0.70__lam0.70 | R4_117_128__abs_curv_mean__sign+1__w0.70__lam0.70,16610,"+---,+-+-,-++-,+++-,-+++",True,0.015503875968992248,0.047998304847133924,0.04162330905306972,0.03486238532110092,2,40,42,0.047619047619047616,0.014184397163120567,0.0439756763419416,0.07133757961783439,0.058315334773218146,2,56,58,0.034482758620689655
2178,24|8|15|18,R1_045_056__endpoint_delta__sign-1__w0.50__lam0.25 | R2_057_080__curv_mean__sign-1__w0.50__lam0.70 | R3_097_128__abs_slope_max__sign+1__w0.70__lam0.70 | R4_117_128__abs_slope_max__sign+1__w0.70__lam0.70,19522,"+---,-++-,-+-+,++-+,-+++",True,0.007751937984496124,0.03624479660541807,0.04058272632674298,0.03486238532110092,1,39,40,0.025,0.014184397163120567,0.0439756763419416,0.07133757961783439,0.058315334773218146,2,56,58,0.034482758620689655
2179,24|8|15|19,R1_045_056__endpoint_delta__sign-1__w0.50__lam0.25 | R2_057_080__curv_mean__sign-1__w0.50__lam0.70 | R3_097_128__abs_slope_max__sign+1__w0.70__lam0.70 | R4_117_128__slope_sd__sign+1__w0.70__lam0.70,18626,"+---,-++-,+++-,++-+,-+++",True,0.015503875968992248,0.047998304847133924,0.04162330905306972,0.03486238532110092,2,40,42,0.047619047619047616,0.014184397163120567,0.0439756763419416,0.07133757961783439,0.058315334773218146,2,56,58,0.034482758620689655
2182,24|8|15|22,R1_045_056__endpoint_delta__sign-1__w0.50__lam0.25 | R2_057_080__curv_mean__sign-1__w0.50__lam0.70 | R3_097_128__abs_slope_max__sign+1__w0.70__lam0.70 | R4_117_128__curv_sd__sign+1__w0.70__lam0.70,16610,"+---,+-+-,-++-,+++-,-+++",True,0.015503875968992248,0.047998304847133924,0.04162330905306972,0.03486238532110092,2,40,42,0.047619047619047616,0.014184397163120567,0.0439756763419416,0.07133757961783439,0.058315334773218146,2,56,58,0.034482758620689655
2184,24|8|15|27,R1_045_056__endpoint_delta__sign-1__w0.50__lam0.25 | R2_057_080__curv_mean__sign-1__w0.50__lam0.70 | R3_097_128__abs_slope_max__sign+1__w0.70__lam0.70 | R4_117_128__endpoint_delta__sign-1__w0.50__lam0.25,22600,"++--,-++-,++-+,--++,-+++",True,0.015503875968992248,0.047998304847133924,0.04162330905306972,0.03486238532110092,2,40,42,0.047619047619047616,0.014184397163120567,0.0439756763419416,0.07133757961783439,0.058315334773218146,2,56,58,0.034482758620689655
2254,24|9|26|27,R1_045_056__endpoint_delta__sign-1__w0.50__lam0.25 | R2_057_080__level_mean__sign+1__w0.70__lam0.70 | R3_097_128__linear_slope__sign+1__w0.35__lam0.25 | R4_117_128__endpoint_delta__sign-1__w0.50__lam0.25,9602,"+---,+++-,---+,-+-+,+-++",True,0.015503875968992248,0.047998304847133924,0.04162330905306972,0.03486238532110092,2,40,42,0.047619047619047616,0.014184397163120567,0.0439756763419416,0.07133757961783439,0.058315334773218146,2,56,58,0.034482758620689655
2254,24|9|26|27,R1_045_056__endpoint_delta__sign-1__w0.50__lam0.25 | R2_057_080__level_mean__sign+1__w0.70__lam0.70 | R3_097_128__linear_slope__sign+1__w0.35__lam0.25 | R4_117_128__endpoint_delta__sign-1__w0.50__lam0.25,13570,"+---,---+,-+-+,--++,+-++",True,0.015503875968992248,0.047998304847133924,0.04162330905306972,0.03486238532110092,2,40,42,0.047619047619047616,0.014184397163120567,0.0439756763419416,0.07133757961783439,0.058315334773218146,2,56,58,0.034482758620689655
2254,24|9|26|27,R1_045_056__endpoint_delta__sign-1__w0.50__lam0.25 | R2_057_080__level_mean__sign+1__w0.70__lam0.70 | R3_097_128__linear_slope__sign+1__w0.35__lam0.25 | R4_117_128__endpoint_delta__sign-1__w0.50__lam0.25,42242,"+---,---+,-+-+,+-++,++++",True,0.015503875968992248,0.047998304847133924,0.04162330905306972,0.03486238532110092,2,40,42,0.047619047619047616,0.014184397163120567,0.0439756763419416,0.07133757961783439,0.058315334773218146,2,56,58,0.034482758620689655
2352,24|11|26|27,R1_045_056__endpoint_delta__sign-1__w0.50__lam0.25 | R2_057_080__level_mean__sign+1__w0.70__lam0.55 | R3_097_128__linear_slope__sign+1__w0.35__lam0.25 | R4_117_128__endpoint_delta__sign-1__w0.50__lam0.25,9602,"+---,+++-,---+,-+-+,+-++",True,0.015503875968992248,0.047998304847133924,0.04162330905306972,0.03486238532110092,2,40,42,0.047619047619047616,0.014184397163120567,0.0439756763419416,0.07133757961783439,0.058315334773218146,2,56,58,0.034482758620689655
2352,24|11|26|27,R1_045_056__endpoint_delta__sign-1__w0.50__lam0.25 | R2_057_080__level_mean__sign+1__w0.70__lam0.55 | R3_097_128__linear_slope__sign+1__w0.35__lam0.25 | R4_117_128__endpoint_delta__sign-1__w0.50__lam0.25,13570,"+---,---+,-+-+,--++,+-++",True,0.015503875968992248,0.047998304847133924,0.04162330905306972,0.03486238532110092,2,40,42,0.047619047619047616,0.014184397163120567,0.0439756763419416,0.07133757961783439,0.058315334773218146,2,56,58,0.034482758620689655
2352,24|11|26|27,R1_045_056__endpoint_delta__sign-1__w0.50__lam0.25 | R2_057_080__level_mean__sign+1__w0.70__lam0.55 | R3_097_128__linear_slope__sign+1__w0.35__lam0.25 | R4_117_128__endpoint_delta__sign-1__w0.50__lam0.25,42242,"+---,---+,-+-+,+-++,++++",True,0.015503875968992248,0.047998304847133924,0.04162330905306972,0.03486238532110092,2,40,42,0.047619047619047616,0.014184397163120567,0.0439756763419416,0.07133757961783439,0.058315334773218146,2,56,58,0.034482758620689655
2150,24|7|26|18,R1_045_056__endpoint_delta__sign-1__w0.50__lam0.25 | R2_057_080__curv_mean__sign-1__w0.70__lam0.55 | R3_097_128__linear_slope__sign+1__w0.35__lam0.25 | R4_117_128__abs_slope_max__sign+1__w0.70__lam0.70,42018,"+---,+-+-,-+-+,+-++,++++",True,0.007751937984496124,0.03624479660541807,0.03954214360041623,0.03394495412844037,1,38,39,0.02564102564102564,0.014184397163120567,0.0439756763419416,0.07133757961783439,0.058315334773218146,2,56,58,0.034482758620689655
2131,24|7|15|20,R1_045_056__endpoint_delta__sign-1__w0.50__lam0.25 | R2_057_080__curv_mean__sign-1__w0.70__lam0.55 | R3_097_128__abs_slope_max__sign+1__w0.70__lam0.70 | R4_117_128__abs_curv_mean__sign+1__w0.70__lam0.70,18626,"+---,-++-,+++-,++-+,-+++",True,0.015503875968992248,0.047998304847133924,0.03954214360041623,0.03302752293577982,2,38,40,0.05,0.014184397163120567,0.0439756763419416,0.07133757961783439,0.058315334773218146,2,56,58,0.034482758620689655
2133,24|7|15|22,R1_045_056__endpoint_delta__sign-1__w0.50__lam0.25 | R2_057_080__curv_mean__sign-1__w0.70__lam0.55 | R3_097_128__abs_slope_max__sign+1__w0.70__lam0.70 | R4_117_128__curv_sd__sign+1__w0.70__lam0.70,18626,"+---,-++-,+++-,++-+,-+++",True,0.015503875968992248,0.047998304847133924,0.03954214360041623,0.03302752293577982,2,38,40,0.05,0.014184397163120567,0.0439756763419416,0.07133757961783439,0.058315334773218146,2,56,58,0.034482758620689655
2134,24|7|15|23,R1_045_056__endpoint_delta__sign-1__w0.50__lam0.25 | R2_057_080__curv_mean__sign-1__w0.70__lam0.55 | R3_097_128__abs_slope_max__sign+1__w0.70__lam0.70 | R4_117_128__abs_curv_max__sign+1__w0.70__lam0.70,16610,"+---,+-+-,-++-,+++-,-+++",True,0.015503875968992248,0.047998304847133924,0.03954214360041623,0.03302752293577982,2,38,40,0.05,0.014184397163120567,0.0439756763419416,0.07133757961783439,0.058315334773218146,2,56,58,0.034482758620689655
2134,24|7|15|23,R1_045_056__endpoint_delta__sign-1__w0.50__lam0.25 | R2_057_080__curv_mean__sign-1__w0.70__lam0.55 | R3_097_128__abs_slope_max__sign+1__w0.70__lam0.70 | R4_117_128__abs_curv_max__sign+1__w0.70__lam0.70,18626,"+---,-++-,+++-,++-+,-+++",True,0.015503875968992248,0.047998304847133924,0.03954214360041623,0.03302752293577982,2,38,40,0.05,0.014184397163120567,0.0439756763419416,0.07133757961783439,0.058315334773218146,2,56,58,0.034482758620689655
2135,24|7|15|27,R1_045_056__endpoint_delta__sign-1__w0.50__lam0.25 | R2_057_080__curv_mean__sign-1__w0.70__lam0.55 | R3_097_128__abs_slope_max__sign+1__w0.70__lam0.70 | R4_117_128__endpoint_delta__sign-1__w0.50__lam0.25,19776,"-++-,---+,-+-+,++-+,-+++",True,0.015503875968992248,0.047998304847133924,0.037460978147762745,0.031192660550458717,2,36,38,0.05263157894736842,0.014184397163120567,0.0439756763419416,0.07133757961783439,0.058315334773218146,2,56,58,0.034482758620689655
2184,24|8|15|27,R1_045_056__endpoint_delta__sign-1__w0.50__lam0.25 | R2_057_080__curv_mean__sign-1__w0.50__lam0.70 | R3_097_128__abs_slope_max__sign+1__w0.70__lam0.70 | R4_117_128__endpoint_delta__sign-1__w0.50__lam0.25,17736,"++--,-++-,---+,-+-+,-+++",True,0.015503875968992248,0.047998304847133924,0.037460978147762745,0.031192660550458717,2,36,38,0.05263157894736842,0.014184397163120567,0.0439756763419416,0.07133757961783439,0.058315334773218146,2,56,58,0.034482758620689655
2090,24|6|16|21,R1_045_056__endpoint_delta__sign-1__w0.50__lam0.25 | R2_057_080__curv_mean__sign-1__w0.70__lam0.70 | R3_097_128__curv_sd__sign+1__w0.50__lam0.70 | R4_117_128__level_mean__sign+1__w0.70__lam0.70,33874,"+---,--+-,-++-,-+-+,++++",True,0.015503875968992248,0.047998304847133924,0.062434963579604576,0.05321100917431193,2,60,62,0.03225806451612903,0.0070921985815602835,0.033201046091090064,0.07006369426751592,0.058315334773218146,1,55,56,0.017857142857142856
2139,24|7|16|21,R1_045_056__endpoint_delta__sign-1__w0.50__lam0.25 | R2_057_080__curv_mean__sign-1__w0.70__lam0.55 | R3_097_128__curv_sd__sign+1__w0.50__lam0.70 | R4_117_128__level_mean__sign+1__w0.70__lam0.70,33874,"+---,--+-,-++-,-+-+,++++",True,0.015503875968992248,0.047998304847133924,0.062434963579604576,0.05321100917431193,2,60,62,0.03225806451612903,0.0070921985815602835,0.033201046091090064,0.07006369426751592,0.058315334773218146,1,55,56,0.017857142857142856
2335,24|11|16|21,R1_045_056__endpoint_delta__sign-1__w0.50__lam0.25 | R2_057_080__level_mean__sign+1__w0.70__lam0.55 | R3_097_128__curv_sd__sign+1__w0.50__lam0.70 | R4_117_128__level_mean__sign+1__w0.70__lam0.70,3154,"+---,--+-,-++-,-+-+,++-+",True,0.015503875968992248,0.047998304847133924,0.062434963579604576,0.05321100917431193,2,60,62,0.03225806451612903,0.0070921985815602835,0.033201046091090064,0.07006369426751592,0.058315334773218146,1,55,56,0.017857142857142856
2090,24|6|16|21,R1_045_056__endpoint_delta__sign-1__w0.50__lam0.25 | R2_057_080__curv_mean__sign-1__w0.70__lam0.70 | R3_097_128__curv_sd__sign+1__w0.50__lam0.70 | R4_117_128__level_mean__sign+1__w0.70__lam0.70,3154,"+---,--+-,-++-,-+-+,++-+",True,0.015503875968992248,0.047998304847133924,0.061394380853277836,0.05229357798165138,2,59,61,0.03278688524590164,0.0070921985815602835,0.033201046091090064,0.07006369426751592,0.058315334773218146,1,55,56,0.017857142857142856
2139,24|7|16|21,R1_045_056__endpoint_delta__sign-1__w0.50__lam0.25 | R2_057_080__curv_mean__sign-1__w0.70__lam0.55 | R3_097_128__curv_sd__sign+1__w0.50__lam0.70 | R4_117_128__level_mean__sign+1__w0.70__lam0.70,3154,"+---,--+-,-++-,-+-+,++-+",True,0.015503875968992248,0.047998304847133924,0.061394380853277836,0.05229357798165138,2,59,61,0.03278688524590164,0.0070921985815602835,0.033201046091090064,0.07006369426751592,0.058315334773218146,1,55,56,0.017857142857142856
2188,24|8|16|21,R1_045_056__endpoint_delta__sign-1__w0.50__lam0.25 | R2_057_080__curv_mean__sign-1__w0.50__lam0.70 | R3_097_128__curv_sd__sign+1__w0.50__lam0.70 | R4_117_128__level_mean__sign+1__w0.70__lam0.70,33874,"+---,--+-,-++-,-+-+,++++",True,0.015503875968992248,0.047998304847133924,0.061394380853277836,0.05229357798165138,2,59,61,0.03278688524590164,0.0070921985815602835,0.033201046091090064,0.07006369426751592,0.058315334773218146,1,55,56,0.017857142857142856
2188,24|8|16|21,R1_045_056__endpoint_delta__sign-1__w0.50__lam0.25 | R2_057_080__curv_mean__sign-1__w0.50__lam0.70 | R3_097_128__curv_sd__sign+1__w0.50__lam0.70 | R4_117_128__level_mean__sign+1__w0.70__lam0.70,3154,"+---,--+-,-++-,-+-+,++-+",True,0.015503875968992248,0.047998304847133924,0.060353798126951096,0.05137614678899083,2,58,60,0.03333333333333333,0.0070921985815602835,0.033201046091090064,0.07006369426751592,0.058315334773218146,1,55,56,0.017857142857142856
2237,24|9|16|21,R1_045_056__endpoint_delta__sign-1__w0.50__lam0.25 | R2_057_080__level_mean__sign+1__w0.70__lam0.70 | R3_097_128__curv_sd__sign+1__w0.50__lam0.70 | R4_117_128__level_mean__sign+1__w0.70__lam0.70,32978,"+---,--+-,-++-,+++-,++++",True,0.015503875968992248,0.047998304847133924,0.04994797086368366,0.04220183486238532,2,48,50,0.04,0.0070921985815602835,0.033201046091090064,0.07006369426751592,0.058315334773218146,1,55,56,0.017857142857142856
2335,24|11|16|21,R1_045_056__endpoint_delta__sign-1__w0.50__lam0.25 | R2_057_080__level_mean__sign+1__w0.70__lam0.55 | R3_097_128__curv_sd__sign+1__w0.50__lam0.70 | R4_117_128__level_mean__sign+1__w0.70__lam0.70,32978,"+---,--+-,-++-,+++-,++++",True,0.015503875968992248,0.047998304847133924,0.04994797086368366,0.04220183486238532,2,48,50,0.04,0.0070921985815602835,0.033201046091090064,0.07006369426751592,0.058315334773218146,1,55,56,0.017857142857142856
1728,5|6|13|23,R1_045_056__endpoint_delta__sign+1__w0.50__lam0.70 | R2_057_080__curv_mean__sign-1__w0.70__lam0.70 | R3_097_128__abs_curv_mean__sign+1__w0.70__lam0.70 | R4_117_128__abs_curv_max__sign+1__w0.70__lam0.70,49240,"++--,--+-,-++-,-+++,++++",True,0.015503875968992248,0.047998304847133924,0.07284079084287201,0.062385321100917435,2,70,72,0.027777777777777776,0.014184397163120567,0.0439756763419416,0.07006369426751592,0.05723542116630669,2,55,57,0.03508771929824561
2090,24|6|16|21,R1_045_056__endpoint_delta__sign-1__w0.50__lam0.25 | R2_057_080__curv_mean__sign-1__w0.70__lam0.70 | R3_097_128__curv_sd__sign+1__w0.50__lam0.70 | R4_117_128__level_mean__sign+1__w0.70__lam0.70,9304,"++--,--+-,-++-,-+-+,+-++",True,0.015503875968992248,0.047998304847133924,0.05827263267429761,0.04954128440366973,2,56,58,0.034482758620689655,0.014184397163120567,0.0439756763419416,0.07006369426751592,0.05723542116630669,2,55,57,0.03508771929824561
2139,24|7|16|21,R1_045_056__endpoint_delta__sign-1__w0.50__lam0.25 | R2_057_080__curv_mean__sign-1__w0.70__lam0.55 | R3_097_128__curv_sd__sign+1__w0.50__lam0.70 | R4_117_128__level_mean__sign+1__w0.70__lam0.70,9304,"++--,--+-,-++-,-+-+,+-++",True,0.015503875968992248,0.047998304847133924,0.05827263267429761,0.04954128440366973,2,56,58,0.034482758620689655,0.014184397163120567,0.0439756763419416,0.07006369426751592,0.05723542116630669,2,55,57,0.03508771929824561
2090,24|6|16|21,R1_045_056__endpoint_delta__sign-1__w0.50__lam0.25 | R2_057_080__curv_mean__sign-1__w0.70__lam0.70 | R3_097_128__curv_sd__sign+1__w0.50__lam0.70 | R4_117_128__level_mean__sign+1__w0.70__lam0.70,9328,"--+-,+-+-,-++-,-+-+,+-++",True,0.015503875968992248,0.047998304847133924,0.05723204994797086,0.04862385321100918,2,55,57,0.03508771929824561,0.014184397163120567,0.0439756763419416,0.07006369426751592,0.05723542116630669,2,55,57,0.03508771929824561
2139,24|7|16|21,R1_045_056__endpoint_delta__sign-1__w0.50__lam0.25 | R2_057_080__curv_mean__sign-1__w0.70__lam0.55 | R3_097_128__curv_sd__sign+1__w0.50__lam0.70 | R4_117_128__level_mean__sign+1__w0.70__lam0.70,9328,"--+-,+-+-,-++-,-+-+,+-++",True,0.015503875968992248,0.047998304847133924,0.05723204994797086,0.04862385321100918,2,55,57,0.03508771929824561,0.014184397163120567,0.0439756763419416,0.07006369426751592,0.05723542116630669,2,55,57,0.03508771929824561
2188,24|8|16|21,R1_045_056__endpoint_delta__sign-1__w0.50__lam0.25 | R2_057_080__curv_mean__sign-1__w0.50__lam0.70 | R3_097_128__curv_sd__sign+1__w0.50__lam0.70 | R4_117_128__level_mean__sign+1__w0.70__lam0.70,9304,"++--,--+-,-++-,-+-+,+-++",True,0.015503875968992248,0.047998304847133924,0.05723204994797086,0.04862385321100918,2,55,57,0.03508771929824561,0.014184397163120567,0.0439756763419416,0.07006369426751592,0.05723542116630669,2,55,57,0.03508771929824561
2188,24|8|16|21,R1_045_056__endpoint_delta__sign-1__w0.50__lam0.25 | R2_057_080__curv_mean__sign-1__w0.50__lam0.70 | R3_097_128__curv_sd__sign+1__w0.50__lam0.70 | R4_117_128__level_mean__sign+1__w0.70__lam0.70,9328,"--+-,+-+-,-++-,-+-+,+-++",True,0.015503875968992248,0.047998304847133924,0.05619146722164412,0.047706422018348627,2,54,56,0.03571428571428571,0.014184397163120567,0.0439756763419416,0.07006369426751592,0.05723542116630669,2,55,57,0.03508771929824561
2132,24|7|15|21,R1_045_056__endpoint_delta__sign-1__w0.50__lam0.25 | R2_057_080__curv_mean__sign-1__w0.70__lam0.55 | R3_097_128__abs_slope_max__sign+1__w0.70__lam0.70 | R4_117_128__level_mean__sign+1__w0.70__lam0.70,19522,"+---,-++-,-+-+,++-+,-+++",True,0.015503875968992248,0.047998304847133924,0.05202913631633715,0.044036697247706424,2,50,52,0.038461538461538464,0.014184397163120567,0.0439756763419416,0.07006369426751592,0.05723542116630669,2,55,57,0.03508771929824561
2150,24|7|26|18,R1_045_056__endpoint_delta__sign-1__w0.50__lam0.25 | R2_057_080__curv_mean__sign-1__w0.70__lam0.55 | R3_097_128__linear_slope__sign+1__w0.35__lam0.25 | R4_117_128__abs_slope_max__sign+1__w0.70__lam0.70,25666,"+---,-++-,-+-+,+-++,-+++",True,0.015503875968992248,0.047998304847133924,0.05202913631633715,0.044036697247706424,2,50,52,0.038461538461538464,0.014184397163120567,0.0439756763419416,0.07006369426751592,0.05723542116630669,2,55,57,0.03508771929824561
2237,24|9|16|21,R1_045_056__endpoint_delta__sign-1__w0.50__lam0.25 | R2_057_080__level_mean__sign+1__w0.70__lam0.70 | R3_097_128__curv_sd__sign+1__w0.50__lam0.70 | R4_117_128__level_mean__sign+1__w0.70__lam0.70,32858,"+---,++--,--+-,-++-,++++",True,0.015503875968992248,0.047998304847133924,0.05202913631633715,0.044036697247706424,2,50,52,0.038461538461538464,0.014184397163120567,0.0439756763419416,0.07006369426751592,0.05723542116630669,2,55,57,0.03508771929824561
2335,24|11|16|21,R1_045_056__endpoint_delta__sign-1__w0.50__lam0.25 | R2_057_080__level_mean__sign+1__w0.70__lam0.55 | R3_097_128__curv_sd__sign+1__w0.50__lam0.70 | R4_117_128__level_mean__sign+1__w0.70__lam0.70,32858,"+---,++--,--+-,-++-,++++",True,0.015503875968992248,0.047998304847133924,0.05202913631633715,0.044036697247706424,2,50,52,0.038461538461538464,0.014184397163120567,0.0439756763419416,0.07006369426751592,0.05723542116630669,2,55,57,0.03508771929824561
2384,24|25|16|21,R1_045_056__endpoint_delta__sign-1__w0.50__lam0.25 | R2_057_080__level_mean__sign-1__w0.70__lam0.25 | R3_097_128__curv_sd__sign+1__w0.50__lam0.70 | R4_117_128__level_mean__sign+1__w0.70__lam0.70,8282,"+---,++--,--+-,-++-,+-++",True,0.015503875968992248,0.047998304847133924,0.05202913631633715,0.044036697247706424,2,50,52,0.038461538461538464,0.014184397163120567,0.0439756763419416,0.07006369426751592,0.05723542116630669,2,55,57,0.03508771929824561
