feature,sex,direction,mean,sd,cutoff,n_internal
SAT(피하지방)_SUM,M,high,16164.426794871797,7257.040674289435,23421.46746916123,390
VAT(내장지방)_SUM,M,high,11419.947,5866.767741003794,17286.714741003794,390
Total Fat_SUM,M,high,27584.373794871794,12112.48203533207,39696.855830203865,390
VAT_TotalFat_ratio,M,high,0.4023335794695785,0.08953973773490313,0.49187331720448163,390
VAT_SAT_ratio,M,high,0.7121495362239978,0.26609835977360136,0.9782478959975991,390
VAT_TAMA_ratio,M,high,0.4660479986524713,0.22946958249215071,0.695517581144622,390
TotalFat_TAMA_ratio,M,high,1.1432032137411334,0.656400127228017,1.7996033409691505,390
SAT_TotalFat_ratio,M,high,0.5976664205304215,0.08953973773490313,0.6872061582653246,390
SAT_TAMA_ratio,M,high,0.6771552150886622,0.49440704123011264,1.1715622563187749,390
