feature,model,cohort,scanner,n,r2,r2_ci_lower,r2_ci_upper,rmse,mae,pearson_r,p_value
VAT_TotalFat_ratio,clinic4,internal,Ingenuity Core 128,111,0.12297350759058556,-0.0320463993537025,0.22924395297335512,0.07012909977442694,0.05611422905323754,0.38622652061055934,2.82988528735078e-05
VAT_TotalFat_ratio,clinic4,internal,Revolution CT,69,0.15025115894711105,-0.0498353416418294,0.2690567193555198,0.08979408185413087,0.07307132018661901,0.42984538415714335,0.00022777751147216434
VAT_TotalFat_ratio,clinic4,internal,SOMATOM Definition AS+,85,0.06156426757096245,-0.1558701427713442,0.21225297506218235,0.08422221013878549,0.0666732452472937,0.3338767063876766,0.0017917480797009979
VAT_TotalFat_ratio,clinic4,internal,Sensation 64,122,0.10270280474629279,-0.05733903279781939,0.22536383548753963,0.08997681069570451,0.07388471543949102,0.34320778025279597,0.0001088090771628907
VAT_TotalFat_ratio,clinic4,external,Revolution EVO,61,-0.014343105746101203,-0.29079625485034144,0.16113154333855229,0.07669210102051938,0.06723421427788798,0.2925014170058511,0.022165108138813665
VAT_TotalFat_ratio,clinic4,external,iCT 256,52,0.2433010396714762,0.08126201962657635,0.3718332763489226,0.0706829218380037,0.05531261470401653,0.5254351266522633,6.342676640576989e-05
VAT_TotalFat_ratio,clinic4,external,SOMATOM Definition AS+,85,0.1745152132633423,0.04354224716555893,0.2746813165898131,0.09977897520402766,0.08346145894830281,0.42571996626609354,4.868169400703581e-05
VAT_TotalFat_ratio,clinic4,external,SOMATOM Definition Flash,115,0.06620776925950167,-0.08270729171534265,0.16886994156335047,0.08627354372362547,0.06923437161295148,0.2875505664628178,0.0018329929909545913
VAT_TotalFat_ratio,clinic4,external,SOMATOM Force,58,0.1783523950205841,-0.029411795565856966,0.3181524116534491,0.08499197592396007,0.0708267306161237,0.4519725922375813,0.00036863538034638673
VAT_TotalFat_ratio,clinic4_aec_uplow_ratio,internal,Ingenuity Core 128,111,0.23051005348457576,-0.08588445592738506,0.4381874437031207,0.06568911077362387,0.05183010876314642,0.6266301120091107,1.8888308243801527e-13
VAT_TotalFat_ratio,clinic4_aec_uplow_ratio,internal,Revolution CT,69,0.39587680874095743,0.20966047859177908,0.528768082820597,0.0757120800190141,0.060433472663424775,0.6593137586081159,7.274992071312516e-10
VAT_TotalFat_ratio,clinic4_aec_uplow_ratio,internal,SOMATOM Definition AS+,85,0.1806259802895459,-0.1242581009313095,0.37729662504088884,0.07869831986358661,0.062237533583577,0.5497796492644544,5.0483510153732245e-08
VAT_TotalFat_ratio,clinic4_aec_uplow_ratio,internal,Sensation 64,122,0.26425599884081175,0.13131630659804674,0.36917733111234735,0.08147526936149516,0.06534629248267053,0.5298579676793294,3.4786059854623856e-10
VAT_TotalFat_ratio,clinic4_aec_uplow_ratio,external,Revolution EVO,61,0.11378881783855022,-0.2343423792692653,0.3570559019259441,0.0716847553841491,0.058951460143418025,0.44830112091202745,0.00029095671987351685
VAT_TotalFat_ratio,clinic4_aec_uplow_ratio,external,iCT 256,52,0.12098553536074463,-0.1487759099332183,0.3387347392621435,0.07618174845073557,0.05760578228303578,0.39596456117634615,0.0036640835725713712
VAT_TotalFat_ratio,clinic4_aec_uplow_ratio,external,SOMATOM Definition AS+,85,0.0897918443473954,-0.22453422749594962,0.28045239281478046,0.10477432304129936,0.08847626468360949,0.48321272886650957,2.8113202634393628e-06
VAT_TotalFat_ratio,clinic4_aec_uplow_ratio,external,SOMATOM Definition Flash,115,0.1154134460964068,-0.114114502661406,0.26609693227648895,0.08396971437710132,0.06566588465048905,0.426783666501043,1.9719180337379374e-06
VAT_TotalFat_ratio,clinic4_aec_uplow_ratio,external,SOMATOM Force,58,0.25964329521080476,-0.020126115963330943,0.4460513197053429,0.08067809520528572,0.06377116467999353,0.5933072351643347,9.196310666974375e-07
VAT_SAT_ratio,clinic4,internal,Ingenuity Core 128,111,0.10576347736867364,-0.01775629655380647,0.19280980648112336,0.2088287561018575,0.16181114580479045,0.3413010370105794,0.00024653185415168897
VAT_SAT_ratio,clinic4,internal,Revolution CT,69,0.10760652422384176,-0.09105397661580493,0.221989181811455,0.2686454247996799,0.21427547818076165,0.3612168732756636,0.002293386953700209
VAT_SAT_ratio,clinic4,internal,SOMATOM Definition AS+,85,0.03345741085610987,-0.21546889556331156,0.18175745806508134,0.24292904498199727,0.1897852391303511,0.30356423473478156,0.004739035301768313
VAT_SAT_ratio,clinic4,internal,Sensation 64,122,0.07514436919311374,-0.059927779440290395,0.18719118533516635,0.2815805624525834,0.22098883528365978,0.30707231110412225,0.0005810345341389273
VAT_SAT_ratio,clinic4,external,Revolution EVO,61,0.05136499225864566,-0.1598380803216033,0.1798960365972923,0.23925456237279238,0.2031775907130819,0.31007704403110814,0.015017860373820644
VAT_SAT_ratio,clinic4,external,iCT 256,52,0.21441628704105697,0.07074256627257966,0.332912931527714,0.213382928060799,0.163543630062831,0.4930461985233324,0.00020436483042455736
VAT_SAT_ratio,clinic4,external,SOMATOM Definition AS+,85,0.1450945131307202,0.01963379191565705,0.24096057184469472,0.29959358676145526,0.24224850600910097,0.3926947779343404,0.00020131310875402982
VAT_SAT_ratio,clinic4,external,SOMATOM Definition Flash,115,0.07229461222871358,-0.04005174119376845,0.15299430179635315,0.26852584999082385,0.20503207151610392,0.2857098173248033,0.001966722638813113
VAT_SAT_ratio,clinic4,external,SOMATOM Force,58,0.15127441916803486,-0.07721030548608518,0.2997032886451327,0.23131846205677095,0.196019483712575,0.42179969856801836,0.0009746441629753856
VAT_SAT_ratio,clinic4_aec_uplow_ratio,internal,Ingenuity Core 128,111,0.21827014009262757,-0.020813266511029348,0.39430400614899525,0.19525063295201855,0.14586867673482648,0.5836821208137102,1.7756371199813788e-11
VAT_SAT_ratio,clinic4_aec_uplow_ratio,internal,Revolution CT,69,0.3426257611866027,0.16894474721540767,0.46909069548472615,0.23057254640367728,0.17849879460585258,0.602988446606616,4.1844335863464e-08
VAT_SAT_ratio,clinic4_aec_uplow_ratio,internal,SOMATOM Definition AS+,85,0.1450012306176104,-0.2500710876103546,0.3635347994304857,0.22848184130369342,0.1848990258072371,0.5343650886984197,1.3842373244925161e-07
VAT_SAT_ratio,clinic4_aec_uplow_ratio,internal,Sensation 64,122,0.2392321491944457,0.1203110503995073,0.33752105385099357,0.2553828770975084,0.19930536581638192,0.5117610026766668,1.6974428543458216e-09
VAT_SAT_ratio,clinic4_aec_uplow_ratio,external,Revolution EVO,61,0.110539174092951,-0.2548332582249078,0.3347256032935166,0.23167227696267345,0.18666383309854814,0.4282154846486652,0.0005758924444905859
VAT_SAT_ratio,clinic4_aec_uplow_ratio,external,iCT 256,52,0.08516378208115738,-0.16073423527082553,0.29607967088070253,0.23026880634800437,0.1752138847554454,0.3532354736735286,0.010208362708480037
VAT_SAT_ratio,clinic4_aec_uplow_ratio,external,SOMATOM Definition AS+,85,0.01251551456392519,-0.26592968931944083,0.20104681628037466,0.3219871950037932,0.25816026911192685,0.4563536091028979,1.1359054721111988e-05
VAT_SAT_ratio,clinic4_aec_uplow_ratio,external,SOMATOM Definition Flash,115,0.12314052993953373,-0.07851038027119052,0.2587087914496955,0.2610634415363468,0.19240451990939583,0.41684359145895755,3.5858209823087246e-06
VAT_SAT_ratio,clinic4_aec_uplow_ratio,external,SOMATOM Force,58,0.2453102965032392,-0.10054327896555675,0.44742367438759023,0.21812772132536304,0.17607402447252857,0.5952062932357958,8.315990125623499e-07
VAT_TAMA_ratio,clinic4,internal,Ingenuity Core 128,111,0.2354465645953684,0.079040347813921,0.352167015258226,0.15159536982918337,0.1198255712168039,0.485803448792761,6.491372030348894e-08
VAT_TAMA_ratio,clinic4,internal,Revolution CT,69,0.29744788243046194,0.01223958270658505,0.46323149969131255,0.1741079967491013,0.13378170658679295,0.5454542417767624,1.2559189119205031e-06
VAT_TAMA_ratio,clinic4,internal,SOMATOM Definition AS+,85,0.01462994417476604,-0.2172227382762158,0.34768718469551324,0.2646177344162244,0.1623001486580021,0.21666766512274732,0.04640096704796633
VAT_TAMA_ratio,clinic4,internal,Sensation 64,122,0.21076034009183542,0.11917491739821297,0.31775302320200205,0.2269581623097856,0.15860872127061124,0.4606530952312566,9.346264629258938e-08
VAT_TAMA_ratio,clinic4,external,Revolution EVO,61,0.0531167118224668,-0.358420057820121,0.3108550527149678,0.2272292539129375,0.1782846570227556,0.38966432071117985,0.0019085299501856753
VAT_TAMA_ratio,clinic4,external,iCT 256,52,0.2327549666875851,0.021027740623368485,0.3785612195990533,0.1778381873049154,0.1399185017230589,0.5052029630223496,0.00013355003331794608
VAT_TAMA_ratio,clinic4,external,SOMATOM Definition AS+,85,0.3585621851376911,0.22919581185486534,0.46273287709707434,0.18154859068485307,0.14863954461028078,0.611993367894868,4.881885084535598e-10
VAT_TAMA_ratio,clinic4,external,SOMATOM Definition Flash,115,0.3152759456074906,0.20140675317079712,0.4052157121310134,0.18451923909794352,0.146988707885202,0.5753349544090174,1.751411514779142e-11
VAT_TAMA_ratio,clinic4,external,SOMATOM Force,58,0.41779435483460126,0.25161692506995303,0.51800132025286,0.1933172436313582,0.15971785311504474,0.6902454336093253,2.0422560153664204e-09
VAT_TAMA_ratio,clinic4_aec_fpca,internal,Ingenuity Core 128,111,0.37411285101494196,0.18274554325619027,0.5024300260375496,0.1371608071270094,0.10601886161094384,0.6509905111797759,1.0356092582916043e-14
VAT_TAMA_ratio,clinic4_aec_fpca,internal,Revolution CT,69,0.25091126755000026,-0.05789113931179666,0.4475379357882454,0.17978194614997345,0.13544530796528947,0.5212274407638979,4.391059893397652e-06
VAT_TAMA_ratio,clinic4_aec_fpca,internal,SOMATOM Definition AS+,85,0.13409700147360315,-0.15857365699230405,0.55776451233039,0.24805837156828298,0.1441316801589018,0.4095399311381937,9.941149355003386e-05
VAT_TAMA_ratio,clinic4_aec_fpca,internal,Sensation 64,122,0.31469882467252475,0.2070792675855253,0.4631187810805006,0.21148622941484632,0.14344343933613124,0.5791317555361689,2.7909118370046256e-12
VAT_TAMA_ratio,clinic4_aec_fpca,external,Revolution EVO,61,0.34746577081317387,0.131430472491874,0.497829895327276,0.18863299732954436,0.15352456305782125,0.6361224133943078,3.6054119813143624e-08
VAT_TAMA_ratio,clinic4_aec_fpca,external,iCT 256,52,0.2944984909700251,0.12687761072244352,0.4182659554204595,0.1705324194114652,0.1317151197865106,0.5565880895213466,1.8292731657285983e-05
VAT_TAMA_ratio,clinic4_aec_fpca,external,SOMATOM Definition AS+,85,0.26260417332214747,0.04549171972008685,0.42074478622994216,0.19465516862759763,0.1551628334602097,0.5935481884991735,2.1415359998242613e-09
VAT_TAMA_ratio,clinic4_aec_fpca,external,SOMATOM Definition Flash,115,0.2790608322527416,0.14274182185745848,0.3848699957881394,0.18933598920266428,0.15015598638470468,0.602101289286285,1.0977246640385553e-12
VAT_TAMA_ratio,clinic4_aec_fpca,external,SOMATOM Force,58,0.4386377583740446,0.29435738576535964,0.5354126202753984,0.18982525285079674,0.14459807973058686,0.7398637577260536,3.242011164473241e-11
TotalFat_TAMA_ratio,clinic4,internal,Ingenuity Core 128,111,0.14883758618635623,-0.0701991796406533,0.3011590619159853,0.28980389707352544,0.22829322055736428,0.42521656365172217,3.28761385260585e-06
TotalFat_TAMA_ratio,clinic4,internal,Revolution CT,69,0.1605042865840529,-0.16308933238114828,0.3300345636648738,0.3406375556158561,0.2683448584447188,0.43236136263806624,0.00020726219896192565
TotalFat_TAMA_ratio,clinic4,internal,SOMATOM Definition AS+,85,-0.0299629427143282,-0.09768884764463254,0.3161835750570395,1.2020052186761276,0.43276955812300616,-0.0031559148845316243,0.9771314876305368
TotalFat_TAMA_ratio,clinic4,internal,Sensation 64,122,0.13824079593243865,0.031530091476643644,0.26127270372438577,0.4327083943872693,0.3155277364673002,0.3779666829740468,1.7696632865938337e-05
TotalFat_TAMA_ratio,clinic4,external,Revolution EVO,61,0.061031414566981246,-0.2811446763720726,0.29463448774596335,0.46539877007718244,0.3558886841779816,0.35720046656207805,0.00471348105111715
TotalFat_TAMA_ratio,clinic4,external,iCT 256,52,-0.01673818610671196,-0.45113664372106455,0.2410848410531077,0.3844032591993245,0.30121018062097515,0.30923895765170123,0.02569863211830159
TotalFat_TAMA_ratio,clinic4,external,SOMATOM Definition AS+,85,0.36617001895454226,0.23822557450035464,0.4620380412182669,0.35063364708507294,0.27688656950889,0.6556989411164792,9.739184033887479e-12
TotalFat_TAMA_ratio,clinic4,external,SOMATOM Definition Flash,115,0.28149361057559075,0.1516937285609925,0.3896436422134878,0.36529447849629254,0.28760096699392723,0.5508703827230392,1.7849542148479188e-10
TotalFat_TAMA_ratio,clinic4,external,SOMATOM Force,58,0.31723386603696824,0.1537537712469001,0.4333676087897617,0.412556991267433,0.3175107872814791,0.5990753221352683,6.760975252676373e-07
TotalFat_TAMA_ratio,clinic4_aec_fpca,internal,Ingenuity Core 128,111,0.29127172908959753,0.07265096264289735,0.4437021929987855,0.2644465350429962,0.21137790951783544,0.5461138249485964,5.66820382075386e-10
TotalFat_TAMA_ratio,clinic4_aec_fpca,internal,Revolution CT,69,-0.02668528199595288,-0.5652240427058828,0.29794426423669146,0.3767054941508022,0.2899163067361998,0.3870779127612425,0.0010174390785999338
TotalFat_TAMA_ratio,clinic4_aec_fpca,internal,SOMATOM Definition AS+,85,0.0007888552692647544,-0.0812120342224514,0.46137539845668857,1.1839249914641454,0.41643990639096284,0.11257177393871425,0.30500548176423947
TotalFat_TAMA_ratio,clinic4_aec_fpca,internal,Sensation 64,122,0.2022216329720502,0.09950076949206149,0.3264438510367396,0.41633553751483865,0.30228109273650966,0.4938453158656727,7.460482060127622e-09
TotalFat_TAMA_ratio,clinic4_aec_fpca,external,Revolution EVO,61,0.2505260030538259,-0.010135933757349632,0.43088803395041547,0.4157937766026902,0.3135632646657537,0.6204957288454419,9.609692092866934e-08
TotalFat_TAMA_ratio,clinic4_aec_fpca,external,iCT 256,52,0.1567153663382348,-0.16669481072533807,0.35804832960847255,0.3500818433784802,0.2772756833931078,0.41887875751657466,0.0019972971176477677
TotalFat_TAMA_ratio,clinic4_aec_fpca,external,SOMATOM Definition AS+,85,0.267283864047708,0.06326006733612141,0.41764108169042274,0.376994555146096,0.29948498455957845,0.6119491239785126,4.899790458507858e-10
TotalFat_TAMA_ratio,clinic4_aec_fpca,external,SOMATOM Definition Flash,115,0.11195996419828891,-0.0923513633292331,0.2541678461418446,0.4061103551038832,0.32058643010737004,0.5185742587377548,2.910319719983913e-09
TotalFat_TAMA_ratio,clinic4_aec_fpca,external,SOMATOM Force,58,0.17088543559180425,-0.10774885420995907,0.3695443999304782,0.4546270134740242,0.334038988458172,0.5771920026158669,2.1059877191598545e-06
SAT_TotalFat_ratio,clinic4,internal,Ingenuity Core 128,111,0.12297350759058578,-0.03204639935370184,0.22924395297335567,0.07012909977442694,0.056114229053237534,0.3862265206105596,2.8298852873506864e-05
SAT_TotalFat_ratio,clinic4,internal,Revolution CT,69,0.15025115894711116,-0.04983534164182917,0.2690567193555199,0.08979408185413086,0.07307132018661901,0.42984538415714335,0.00022777751147216434
SAT_TotalFat_ratio,clinic4,internal,SOMATOM Definition AS+,85,0.06156426757096245,-0.15587014277134423,0.21225297506218202,0.08422221013878549,0.0666732452472937,0.33387670638767675,0.0017917480797010094
SAT_TotalFat_ratio,clinic4,internal,Sensation 64,122,0.10270280474629312,-0.05733903279781916,0.22536383548754008,0.0899768106957045,0.07388471543949102,0.3432077802527962,0.00010880907716288948
SAT_TotalFat_ratio,clinic4,external,Revolution EVO,61,-0.01434310574610076,-0.2907962548503406,0.16113154333855284,0.07669210102051936,0.06723421427788796,0.2925014170058513,0.022165108138813554
SAT_TotalFat_ratio,clinic4,external,iCT 256,52,0.24330103967147643,0.08126201962657613,0.3718332763489227,0.0706829218380037,0.055312614704016536,0.5254351266522632,6.342676640576989e-05
SAT_TotalFat_ratio,clinic4,external,SOMATOM Definition AS+,85,0.1745152132633424,0.04354224716555883,0.274681316589813,0.09977897520402766,0.08346145894830281,0.42571996626609343,4.868169400703591e-05
SAT_TotalFat_ratio,clinic4,external,SOMATOM Definition Flash,115,0.06620776925950156,-0.08270729171534265,0.16886994156335047,0.08627354372362547,0.06923437161295148,0.28755056646281774,0.0018329929909545913
SAT_TotalFat_ratio,clinic4,external,SOMATOM Force,58,0.1783523950205841,-0.029411795565857185,0.31815241165344854,0.08499197592396007,0.0708267306161237,0.4519725922375813,0.00036863538034638673
SAT_TotalFat_ratio,clinic4_aec_uplow_ratio,internal,Ingenuity Core 128,111,0.2305100534845761,-0.08588445592738461,0.4381874437031209,0.06568911077362385,0.05183010876314642,0.6266301120091107,1.8888308243801527e-13
SAT_TotalFat_ratio,clinic4_aec_uplow_ratio,internal,Revolution CT,69,0.39587680874095743,0.2096604785917793,0.528768082820597,0.07571208001901408,0.06043347266342476,0.6593137586081157,7.274992071312643e-10
SAT_TotalFat_ratio,clinic4_aec_uplow_ratio,internal,SOMATOM Definition AS+,85,0.1806259802895458,-0.12425810093131014,0.37729662504088873,0.07869831986358662,0.062237533583577,0.5497796492644544,5.0483510153732245e-08
SAT_TotalFat_ratio,clinic4_aec_uplow_ratio,internal,Sensation 64,122,0.26425599884081197,0.13131630659804674,0.3691773311123477,0.08147526936149514,0.06534629248267053,0.5298579676793294,3.4786059854623856e-10
SAT_TotalFat_ratio,clinic4_aec_uplow_ratio,external,Revolution EVO,61,0.11378881783855022,-0.23434237926926532,0.357055901925944,0.07168475538414912,0.05895146014341802,0.4483011209120275,0.0002909567198735148
SAT_TotalFat_ratio,clinic4_aec_uplow_ratio,external,iCT 256,52,0.12098553536074486,-0.1487759099332183,0.3387347392621438,0.07618174845073557,0.05760578228303578,0.39596456117634626,0.0036640835725713495
SAT_TotalFat_ratio,clinic4_aec_uplow_ratio,external,SOMATOM Definition AS+,85,0.08979184434739551,-0.22453422749594895,0.28045239281478046,0.10477432304129936,0.08847626468360952,0.48321272886650957,2.8113202634393628e-06
SAT_TotalFat_ratio,clinic4_aec_uplow_ratio,external,SOMATOM Definition Flash,115,0.11541344609640647,-0.11411450266140666,0.26609693227648873,0.08396971437710132,0.06566588465048906,0.42678366650104277,1.9719180337379662e-06
SAT_TotalFat_ratio,clinic4_aec_uplow_ratio,external,SOMATOM Force,58,0.25964329521080487,-0.020126115963330936,0.446051319705343,0.08067809520528572,0.06377116467999353,0.5933072351643347,9.196310666974375e-07
SAT_TAMA_ratio,clinic4,internal,Ingenuity Core 128,111,-0.11642627874353151,-0.4777252328191239,0.12387390843601731,0.18338701896696963,0.14786740336255622,0.2617582269642538,0.005517874539746016
SAT_TAMA_ratio,clinic4,internal,Revolution CT,69,-0.031554268368942484,-0.3927620052033724,0.17943943264219792,0.2221866813583121,0.1807024771383139,0.27663119924909985,0.02139202616239811
SAT_TAMA_ratio,clinic4,internal,SOMATOM Definition AS+,85,-0.01812675143337561,-0.06684585718901226,0.2185262190624618,0.9756894112731032,0.31088234907239953,0.03234981557026187,0.7688255408556905
SAT_TAMA_ratio,clinic4,internal,Sensation 64,122,0.023011404965198046,-0.14157284958544133,0.17226468101774145,0.24852634531267123,0.19402714292783807,0.274108038231152,0.002249150467470548
SAT_TAMA_ratio,clinic4,external,Revolution EVO,61,0.022089259987301046,-0.22161351798824638,0.2103913100304071,0.278633260632707,0.20844071593595961,0.27043809859673734,0.035035703985686666
SAT_TAMA_ratio,clinic4,external,iCT 256,52,-0.3710990440161064,-0.9201248086500817,-0.02809518068374817,0.23992658234515565,0.1972465874930026,0.09835140749089673,0.4878915805642099
SAT_TAMA_ratio,clinic4,external,SOMATOM Definition AS+,85,0.28915358281558845,0.0870531231499906,0.42204626180861504,0.2265277700226269,0.17679701665645112,0.5811257057128989,5.506697999474793e-09
SAT_TAMA_ratio,clinic4,external,SOMATOM Definition Flash,115,0.1416150522448989,-0.08274530664302962,0.307426928440537,0.22789769978062013,0.17008396444445112,0.4051593930638877,7.0706308551135875e-06
SAT_TAMA_ratio,clinic4,external,SOMATOM Force,58,0.11083920217009569,-0.13061989207942537,0.2950693910825146,0.2561031816338719,0.19541288202647503,0.3539076002901925,0.006421894939843196
SAT_TAMA_ratio,clinic4_aec_fpca,internal,Ingenuity Core 128,111,-0.027101530521628447,-0.3714483090062365,0.20319115188014888,0.17589773771667525,0.1450765588859769,0.34642625849692854,0.0001956794112659464
SAT_TAMA_ratio,clinic4_aec_fpca,internal,Revolution CT,69,-0.18010719233539518,-0.8105048524051157,0.1861101069041031,0.2376472048941738,0.18928734983743617,0.36189875437503477,0.002246646271120218
SAT_TAMA_ratio,clinic4_aec_fpca,internal,SOMATOM Definition AS+,85,-0.002712977607649325,-0.05334111927018356,0.31459348425862066,0.9682755940604243,0.296313807773772,0.10270116278404372,0.349626170979928
SAT_TAMA_ratio,clinic4_aec_fpca,internal,Sensation 64,122,0.05237263700928074,-0.12461981669242782,0.19881507012175625,0.2447634030200157,0.19689844213148913,0.3780211372947688,1.764340579579311e-05
SAT_TAMA_ratio,clinic4_aec_fpca,external,Revolution EVO,61,0.09523358923735481,-0.18092879789883887,0.2943308694863949,0.26801036107429577,0.19888987191049007,0.47101391091471767,0.00012756886992861005
SAT_TAMA_ratio,clinic4_aec_fpca,external,iCT 256,52,-0.12204393766648991,-0.5958363922557777,0.19669456814378056,0.2170445501737554,0.17167578444152273,0.19323828428786768,0.16988795066426288
SAT_TAMA_ratio,clinic4_aec_fpca,external,SOMATOM Definition AS+,85,0.27544273158075094,0.07861003472202178,0.41450248656332594,0.2287019771041395,0.18049664311933664,0.5806430595031702,5.707975507797172e-09
SAT_TAMA_ratio,clinic4_aec_fpca,external,SOMATOM Definition Flash,115,-0.08501852064441584,-0.3429661073671563,0.09204620937406997,0.2562226217777442,0.20218425060843676,0.35991763869941723,7.790101857080753e-05
SAT_TAMA_ratio,clinic4_aec_fpca,external,SOMATOM Force,58,-0.2280223084469566,-0.6538253267988334,0.10125747640898203,0.30097328510137883,0.21674417796117762,0.2666939356630824,0.043003023876266526
