config,threshold_R1,threshold_R2,threshold_R3,threshold_R4,pattern_mask,patterns,n_patterns,survives_internal_constraints,internal_selection_score,internal_min_p_loss,internal_max_sens_loss,internal_min_spec_gain,internal_mean_spec_gain,internal_max_fisher_p,internal_min_deesc_n,internal_mean_event_rate
direct_vote_guarded,0.75,0.75,0.65,0.65,1044,"-+--,--+-,-+-+",3,True,0.1923827749484389,0.0625,0.03875968992248058,0.05619146722164403,0.05702393340270551,0.005438866402125842,57,0.06132096752694125
direct_vote_guarded,0.55,0.65,0.55,0.75,148,"-+--,--+-,+++-",3,True,0.17928992152593742,0.0625,0.03875968992248058,0.05098855359001042,0.05764828303850154,0.0027043792799306297,51,0.054722794713258895
direct_vote_guarded,0.75,0.75,0.65,0.75,22,"+---,-+--,--+-",3,True,0.17283422168946944,0.0625,0.03875968992248058,0.05098855359001042,0.052861602497398553,0.002370811328113521,52,0.05568154068154067
direct_vote_guarded,0.55,0.55,0.55,0.75,196,"-+--,-++-,+++-",3,True,0.17159294340263612,0.0625,0.03875968992248058,0.04994797086368363,0.05494276795005204,0.006095919645499609,51,0.058683712801359866
direct_vote_guarded,0.5,0.5,0.5,0.5,33808,"--+-,-+-+,++++",3,True,0.16994238551274035,0.125,0.03100775193798444,0.0457856399583767,0.05619146722164414,0.003620977086905712,47,0.04993618185841223
direct_vote_guarded,0.75,0.75,0.65,0.75,532,"-+--,--+-,+--+",3,True,0.16864473494874196,0.0625,0.03875968992248058,0.04994797086368363,0.05223725286160248,0.0036516061713110608,51,0.056603413234933765
direct_vote_guarded,0.55,0.65,0.65,0.75,52,"-+--,--+-,+-+-",3,True,0.1682656141436738,0.0625,0.03875968992248069,0.04994797086368363,0.054526534859521324,0.006083891269629112,53,0.06982958003651857
direct_vote_guarded,0.75,0.75,0.65,0.75,20,"-+--,--+-",2,True,0.16800322308064322,0.0625,0.03875968992248058,0.04994797086368363,0.051821019771071807,0.0036516061713110608,51,0.05700504863656917
direct_vote_guarded,0.75,0.75,0.65,0.75,148,"-+--,--+-,+++-",3,True,0.16800322308064322,0.0625,0.03875968992248058,0.04994797086368363,0.051821019771071807,0.0036516061713110608,51,0.05700504863656917
direct_vote_guarded,0.45,0.45,0.45,0.45,1072,"--+-,+-+-,-+-+",3,True,0.1643933098067071,0.0625,0.03875968992248058,0.048907388137356955,0.05473465140478666,0.004746900603468755,51,0.07402096995713818
direct_vote_guarded,0.65,0.55,0.65,0.55,1168,"--+-,+++-,-+-+",3,True,0.16429663660109137,0.0625,0.03875968992248069,0.048907388137356955,0.054734651404786706,0.0036815878444302263,52,0.07449288780032398
direct_vote_guarded,0.75,0.65,0.65,0.65,1104,"--+-,-++-,-+-+",3,True,0.16401847975455058,0.0625,0.03875968992248069,0.048907388137356955,0.053485952133194584,0.005452568992066769,50,0.06897060048239721
direct_vote_guarded,0.65,0.55,0.65,0.55,33808,"--+-,-+-+,++++",3,True,0.16016877623086453,0.0625,0.03875968992248069,0.04786680541103017,0.054110301768990635,0.00345392413905277,51,0.07528893155560043
direct_vote_guarded,0.65,0.65,0.65,0.55,5136,"--+-,-+-+,--++",3,True,0.15928387058768617,0.0625,0.03875968992248058,0.04786680541103017,0.050780437044745066,0.005452568992066769,49,0.06135336597399634
direct_vote_guarded,0.55,0.75,0.55,0.55,2320,"--+-,---+,++-+",3,True,0.15780605880251455,0.0625,0.03875968992248069,0.04786680541103017,0.05265348595213319,0.009093811582935797,49,0.07671316802583103
direct_vote_guarded,0.55,0.75,0.55,0.55,1296,"--+-,---+,-+-+",3,True,0.15571581725822756,0.0625,0.03875968992248069,0.04786680541103017,0.05140478668054112,0.009058961157600968,49,0.07858368602472696
direct_vote_guarded,0.5,0.5,0.5,0.5,1296,"--+-,---+,-+-+",3,True,0.155667087441506,0.125,0.03100775193798444,0.04474505723204991,0.04953173777315294,0.017456760322141007,45,0.05881292563645505
direct_vote_guarded,0.75,0.75,0.65,0.55,1040,"--+-,-+-+",2,True,0.1543093258880817,0.125,0.03100775193798455,0.0457856399583767,0.04786680541103017,0.017456760322141007,46,0.06807331628303495
direct_vote_guarded,0.75,0.75,0.65,0.55,1048,"++--,--+-,-+-+",3,True,0.1543093258880817,0.125,0.03100775193798455,0.0457856399583767,0.04786680541103017,0.017456760322141007,46,0.06807331628303495
direct_vote_guarded,0.75,0.75,0.65,0.55,1168,"--+-,+++-,-+-+",3,True,0.1543093258880817,0.125,0.03100775193798455,0.0457856399583767,0.04786680541103017,0.017456760322141007,46,0.06807331628303495
direct_vote_guarded,0.65,0.55,0.65,0.55,1040,"--+-,-+-+",2,True,0.15357160755785784,0.0625,0.03875968992248069,0.04682622268470349,0.05202913631633714,0.007750014746943813,50,0.0780248659292777
direct_vote_guarded,0.65,0.65,0.65,0.55,1040,"--+-,-+-+",2,True,0.15347797596995538,0.0625,0.03875968992248058,0.04682622268470349,0.04911550468262229,0.008082297895453684,48,0.06322192513368984
direct_vote_guarded,0.55,0.55,0.55,0.75,132,"-+--,+++-",2,True,0.15273126353867553,0.125,0.03100775193798455,0.043704474505723234,0.04807492195629555,0.009955406157542167,44,0.051093894617365646
direct_vote_guarded,0.55,0.55,0.55,0.75,388,"-+--,+++-,---+",3,True,0.15273126353867553,0.125,0.03100775193798455,0.043704474505723234,0.04807492195629555,0.009955406157542167,44,0.051093894617365646
direct_vote_guarded,0.55,0.65,0.55,0.75,1044,"-+--,--+-,-+-+",3,True,0.152701209273574,0.0625,0.03875968992248058,0.04474505723204991,0.05244536940686786,0.002661247395018164,45,0.05910398709348434
direct_vote_guarded,0.55,0.65,0.55,0.65,1044,"-+--,--+-,-+-+",3,True,0.15200970361492644,0.0625,0.03875968992248058,0.04474505723204991,0.05202913631633714,0.004073638582857173,45,0.05959260636228756
direct_vote_guarded,0.75,0.65,0.65,0.65,1168,"--+-,+++-,-+-+",3,True,0.15141324245611643,0.0625,0.03875968992248069,0.04682622268470349,0.04973985431841832,0.017456760322141007,48,0.07397752030104972
direct_vote_guarded,0.55,0.65,0.55,0.55,1044,"-+--,--+-,-+-+",3,True,0.1507383315170114,0.0625,0.03875968992248058,0.04474505723204991,0.051196670135275735,0.004073638582857173,45,0.06034927061242852
direct_vote_guarded,0.65,0.75,0.65,0.75,28,"-+--,++--,--+-",3,True,0.15071196317835533,0.0625,0.03875968992248058,0.0457856399583767,0.04828303850156088,0.012763174183998978,47,0.0570956893395656
direct_vote_guarded,0.65,0.75,0.65,0.55,4368,"--+-,---+,--++",3,True,0.15033275129206147,0.0625,0.03875968992248069,0.04682622268470338,0.05015608740894899,0.016695535199818534,49,0.08052479503781336
direct_vote_guarded,0.55,0.65,0.55,0.75,532,"-+--,--+-,+--+",3,True,0.1502160618773859,0.0625,0.03875968992248058,0.04474505723204991,0.0509885535900104,0.006083891269629112,45,0.06119532292060901
direct_vote_guarded,0.65,0.65,0.65,0.65,148,"-+--,--+-,+++-",3,True,0.14974928666776158,0.0625,0.03875968992248058,0.0457856399583767,0.049323621227887623,0.005309118000988759,48,0.06695375005348052
direct_vote_guarded,0.65,0.65,0.55,0.65,1168,"--+-,+++-,-+-+",3,True,0.14947742868577318,0.0625,0.03875968992248069,0.04474505723204991,0.05390218522372527,0.007929214659778841,48,0.07915311431116487
direct_vote_guarded,0.65,0.75,0.65,0.65,1044,"-+--,--+-,-+-+",3,True,0.1492448618170356,0.0625,0.03875968992248058,0.0457856399583767,0.04807492195629552,0.025997667906047846,48,0.06082312925170068
direct_vote_guarded,0.55,0.55,0.55,0.65,1156,"-+--,+++-,-+-+",3,True,0.14773785111620338,0.125,0.03100775193798455,0.04162330905306977,0.0486992715920916,0.003935553273894837,42,0.049821765212243914
direct_vote_guarded,0.75,0.75,0.65,0.65,1040,"--+-,-+-+",2,True,0.1468137114529518,0.125,0.03100775193798455,0.043704474505723234,0.045993756503642035,0.025414457600413012,44,0.06270531849103278
direct_vote_guarded,0.75,0.75,0.65,0.65,1048,"++--,--+-,-+-+",3,True,0.1468137114529518,0.125,0.03100775193798455,0.043704474505723234,0.045993756503642035,0.025414457600413012,44,0.06270531849103278
direct_vote_guarded,0.75,0.75,0.65,0.65,1168,"--+-,+++-,-+-+",3,True,0.1468137114529518,0.125,0.03100775193798455,0.043704474505723234,0.045993756503642035,0.025414457600413012,44,0.06270531849103278
direct_vote_guarded,0.55,0.65,0.55,0.75,20,"-+--,--+-",2,True,0.1453820945059557,0.0625,0.03875968992248058,0.043704474505723234,0.049947970863683654,0.009058961157600968,44,0.06239516392247276
direct_vote_guarded,0.55,0.55,0.55,0.55,33808,"--+-,-+-+,++++",3,True,0.14484124079966815,0.0625,0.03875968992248058,0.043704474505723234,0.0493236212278876,0.007750014746943813,44,0.061416676354336196
direct_vote_guarded,0.55,0.65,0.55,0.65,148,"-+--,--+-,+++-",3,True,0.14411351629043634,0.0625,0.03875968992248058,0.043704474505723234,0.04849115504682624,0.009058961157600968,44,0.05989403453689168
direct_vote_guarded,0.65,0.65,0.55,0.65,1552,"--+-,+--+,-+-+",3,True,0.14397495044973152,0.0625,0.03875968992248069,0.043704474505723234,0.05244536940686784,0.008121868365616576,47,0.08108517999528571
direct_vote_guarded,0.55,0.55,0.55,0.55,1168,"--+-,+++-,-+-+",3,True,0.14396565467565467,0.125,0.03100775193798455,0.04162330905306977,0.04849115504682624,0.0042919587102383345,43,0.06379983250415143
direct_vote_guarded,0.55,0.65,0.65,0.75,148,"-+--,--+-,+++-",3,True,0.1435960002972965,0.125,0.03100775193798455,0.04162330905306977,0.04765868886576483,0.009849150847917756,44,0.060505050505050506
direct_vote_guarded,0.65,0.65,0.65,0.65,84,"-+--,--+-,-++-",3,True,0.14334437195976435,0.0625,0.03875968992248058,0.043704474505723234,0.049323621227887623,0.0052007492955931465,46,0.06760809295005943
direct_vote_guarded,0.75,0.65,0.65,0.65,1040,"--+-,-+-+",2,True,0.1433108479283709,0.0625,0.03875968992248069,0.04474505723205002,0.04869927159209162,0.025997667906047846,46,0.07531881019657886
direct_vote_guarded,0.65,0.75,0.55,0.65,1104,"--+-,-++-,-+-+",3,True,0.14216829021399444,0.0625,0.03875968992248069,0.042663891779396446,0.05327783558792924,0.011800660238295471,46,0.07985934901401757
direct_vote_guarded,0.65,0.75,0.65,0.75,148,"-+--,--+-,+++-",3,True,0.14110129436383298,0.0625,0.03875968992248058,0.043704474505723234,0.045993756503642035,0.008260221992443579,44,0.059020348951959886
direct_vote_guarded,0.65,0.75,0.65,0.75,276,"-+--,--+-,---+",3,True,0.14060419337206062,0.0625,0.03875968992248058,0.043704474505723234,0.04578563995837672,0.008462275628896471,45,0.05991038259275342
direct_vote_guarded,0.65,0.75,0.55,0.65,1048,"++--,--+-,-+-+",3,True,0.14017170605277968,0.0625,0.03875968992248069,0.042663891779396446,0.05202913631633717,0.011800660238295471,46,0.08135244944659786
direct_vote_guarded,0.55,0.55,0.55,0.55,33796,"-+--,-+-+,++++",3,True,0.13989998177847152,0.125,0.03100775193798455,0.04058272632674298,0.045577523413111345,0.009955406157542167,40,0.05197157108586079
direct_vote_guarded,0.55,0.75,0.65,0.75,52,"-+--,--+-,+-+-",3,True,0.1388213341684771,0.125,0.03100775193798455,0.04162330905306977,0.044953173777315315,0.005981396843943101,43,0.06584445688070859
direct_vote_guarded,0.55,0.65,0.55,0.55,33808,"--+-,-+-+,++++",3,True,0.13880876300513542,0.125,0.03100775193798444,0.04058272632674298,0.046618106139438086,0.006649254287821596,41,0.06201196850568243
direct_vote_guarded,0.55,0.55,0.65,0.65,1156,"-+--,+++-,-+-+",3,True,0.13877552648206454,0.0625,0.03875968992248058,0.04162330905306977,0.049531737773152965,0.009058961157600968,43,0.06168303851543627
direct_vote_guarded,0.5,0.5,0.5,0.5,34048,"---+,-+-+,++++",3,True,0.13769927117642888,0.25,0.023255813953488413,0.037460978147762725,0.04370447450572321,0.003761606266797732,39,0.04197606176329581
direct_vote_guarded,0.55,0.55,0.75,0.65,1156,"-+--,+++-,-+-+",3,True,0.13743226869550892,0.0625,0.03875968992248058,0.04162330905306977,0.04849115504682622,0.009093811582935797,43,0.061642251450732974
direct_vote_guarded,0.75,0.75,0.75,0.65,1044,"-+--,--+-,-+-+",3,True,0.13711017497258185,0.125,0.03100775193798444,0.04058272632674298,0.045369406867845984,0.02736010821264167,42,0.060656216109632254
direct_vote_guarded,0.65,0.75,0.55,0.65,5136,"--+-,-+-+,--++",3,True,0.13698660487045153,0.0625,0.03875968992248069,0.04162330905306977,0.05202913631633717,0.011954466450485007,45,0.0815935569630151
direct_vote_guarded,0.55,0.65,0.65,0.65,52,"-+--,--+-,+-+-",3,True,0.1363816252554029,0.0625,0.03875968992248058,0.043704474505723234,0.04578563995837672,0.019560488225068038,46,0.07591279805169061
direct_vote_guarded,0.45,0.45,0.45,0.45,33856,"-++-,-+-+,++++",3,True,0.13606008189427082,0.125,0.03100775193798455,0.03850156087408951,0.04765868886576483,0.009055059699367077,41,0.05325127326127416
direct_vote_guarded,0.55,0.55,0.65,0.75,132,"-+--,+++-",2,True,0.13603895614308092,0.0625,0.03875968992248058,0.04162330905306977,0.04807492195629555,0.019814912689705602,43,0.06419340150114389
direct_vote_guarded,0.65,0.75,0.65,0.55,272,"--+-,---+",2,True,0.1359126495194378,0.0625,0.03875968992248069,0.043704474505723234,0.047242455775234136,0.024003828208369722,46,0.08500867604454508
direct_vote_guarded,0.65,0.75,0.65,0.55,280,"++--,--+-,---+",3,True,0.1359126495194378,0.0625,0.03875968992248069,0.043704474505723234,0.047242455775234136,0.024003828208369722,46,0.08500867604454508
direct_vote_guarded,0.65,0.65,0.65,0.65,20,"-+--,--+-",2,True,0.1355141820649465,0.0625,0.03875968992248058,0.042663891779396446,0.04640998959417273,0.007907958849895865,45,0.07107439855374774
direct_vote_guarded,0.65,0.75,0.65,0.75,20,"-+--,--+-",2,True,0.1354554307022171,0.0625,0.03875968992248058,0.042663891779396446,0.0445369406867846,0.012389179062794376,43,0.06121105206921527
direct_vote_guarded,0.65,0.65,0.55,0.65,1040,"--+-,-+-+",2,True,0.13518065350951514,0.0625,0.03875968992248069,0.04162330905306977,0.05098855359001044,0.011954466450485007,45,0.08340633222986163
direct_vote_guarded,0.65,0.75,0.55,0.65,1040,"--+-,-+-+",2,True,0.13496863529826286,0.0625,0.03875968992248069,0.04162330905306977,0.050780437044745066,0.011954466450485007,45,0.08317219903949077
direct_vote_guarded,0.6,0.6,0.6,0.6,1104,"--+-,-++-,-+-+",3,True,0.13455225395222536,0.125,0.03100775193798455,0.03850156087408951,0.04765868886576481,0.005981396843943101,40,0.05952847805788982
direct_vote_guarded,0.65,0.55,0.55,0.75,208,"--+-,-++-,+++-",3,True,0.13448078403041028,0.0625,0.03875968992248058,0.04162330905306977,0.049947970863683674,0.016085415348708262,44,0.08046430405752439
direct_vote_guarded,0.65,0.65,0.65,0.65,1168,"--+-,+++-,-+-+",3,True,0.13408105303835033,0.125,0.03100775193798444,0.04058272632674298,0.04349635796045783,0.03686383662317001,40,0.062272551255297626
direct_vote_guarded,0.55,0.75,0.55,0.55,276,"-+--,--+-,---+",3,True,0.13372775946290946,0.125,0.03100775193798455,0.04058272632674298,0.04557752341311132,0.014755186332989079,43,0.07627647793407318
direct_vote_guarded,0.7,0.7,0.7,0.7,84,"-+--,--+-,-++-",3,True,0.13346047184661253,0.0625,0.03875968992248069,0.04162330905306977,0.045993756503642055,0.018470916871982865,43,0.0637927979986367
direct_vote_guarded,0.65,0.75,0.65,0.55,5136,"--+-,-+-+,--++",3,True,0.1330708036829237,0.125,0.03100775193798444,0.04058272632674298,0.04287200832466183,0.03674213912050332,41,0.06307666637107823
direct_vote_guarded,0.5,0.5,0.5,0.5,1104,"--+-,-++-,-+-+",3,True,0.13280977625690643,0.25,0.023255813953488302,0.03642039542143605,0.04391259105098855,0.018470916871982865,36,0.04895250991243074
direct_vote_guarded,0.55,0.65,0.65,0.75,1044,"-+--,--+-,-+-+",3,True,0.13250524206832498,0.125,0.03100775193798455,0.03954214360041619,0.0445369406867846,0.014012097856711953,41,0.06332797169769286
direct_vote_guarded,0.55,0.65,0.65,0.65,1044,"-+--,--+-,-+-+",3,True,0.13219036431834527,0.125,0.03100775193798455,0.03954214360041619,0.044328824141519244,0.014012097856711953,41,0.06350527666223187
direct_vote_guarded,0.55,0.65,0.65,0.75,164,"-+--,+-+-,+++-",3,True,0.132054753131618,0.125,0.03100775193798444,0.03850156087408951,0.04516129032258065,0.014807990345501837,41,0.05582588143563753
direct_vote_guarded,0.55,0.55,0.55,0.55,1156,"-+--,+++-,-+-+",3,True,0.13186767481063263,0.125,0.03100775193798455,0.03850156087408951,0.04474505723204998,0.014012097856711953,39,0.05447345404792212
direct_vote_guarded,0.65,0.55,0.65,0.65,1104,"--+-,-++-,-+-+",3,True,0.131514591616777,0.125,0.03100775193798455,0.03954214360041619,0.044953173777315295,0.017456760322141007,42,0.06917941257741009
direct_vote_guarded,0.5,0.5,0.5,0.5,5136,"--+-,-+-+,--++",3,True,0.13134914290946145,0.25,0.023255813953488302,0.03642039542143605,0.0428720083246618,0.012547566726491786,36,0.0498578811369509
direct_vote_guarded,0.65,0.65,0.65,0.65,1104,"--+-,-++-,-+-+",3,True,0.13115601536653848,0.125,0.03100775193798444,0.03954214360041619,0.04349635796045785,0.025673297194061792,40,0.06238095238095237
direct_vote_guarded,0.65,0.75,0.75,0.55,5376,"---+,-+-+,--++",3,True,0.13111228073609077,0.0625,0.03875968992248058,0.04162330905306977,0.04640998959417275,0.011954466450485007,45,0.07587129054520358
direct_vote_guarded,0.55,0.75,0.75,0.55,3328,"---+,-+-+,++-+",3,True,0.1307864818090609,0.125,0.03100775193798455,0.0395421436004163,0.04245577523413113,0.014012097856711953,40,0.05938095238095238
direct_vote_guarded,0.65,0.65,0.75,0.55,5376,"---+,-+-+,--++",3,True,0.13011297178103653,0.0625,0.03875968992248058,0.04162330905306977,0.0457856399583767,0.011954466450485007,45,0.07662190825928106
direct_vote_guarded,0.55,0.65,0.55,0.55,1168,"--+-,+++-,-+-+",3,True,0.12875843252011457,0.125,0.03100775193798444,0.03850156087408951,0.043704474505723234,0.006524712066224276,39,0.06209838389633469
direct_vote_guarded,0.75,0.75,0.75,0.75,22,"+---,-+--,--+-",3,True,0.12855119342933125,0.125,0.03100775193798444,0.0385015608740894,0.04183142559833506,0.01222891032887056,39,0.05273115008003661
direct_vote_guarded,0.55,0.65,0.65,0.55,1044,"-+--,--+-,-+-+",3,True,0.12779141937944472,0.125,0.03100775193798455,0.03850156087408951,0.04349635796045785,0.013640959383959634,41,0.06431493063821499
direct_vote_guarded,0.7,0.7,0.7,0.7,28,"-+--,++--,--+-",3,True,0.12777323173730007,0.0625,0.03875968992248069,0.04058272632674298,0.04453694068678462,0.02736010821264167,42,0.06576818816505367
direct_vote_guarded,0.65,0.65,0.55,0.75,208,"--+-,-++-,+++-",3,True,0.12775921653208938,0.0625,0.03875968992248058,0.04058272632674298,0.04786680541103017,0.023246086401966296,43,0.08346866729682781
direct_vote_guarded,0.75,0.75,0.75,0.75,84,"-+--,--+-,-++-",3,True,0.12757324178527973,0.125,0.03100775193798444,0.0385015608740894,0.04120707596253901,0.01222891032887056,39,0.05339633855010313
direct_vote_guarded,0.55,0.55,0.75,0.55,1156,"-+--,+++-,-+-+",3,True,0.1274092967434092,0.0625,0.03875968992248058,0.0395421436004163,0.046201873048907396,0.014012097856711953,41,0.06446242453621015
direct_vote_guarded,0.55,0.65,0.55,0.65,276,"-+--,--+-,---+",3,True,0.12689235004994265,0.0625,0.03875968992248058,0.04058272632674298,0.04391259105098855,0.028394466102393545,41,0.06596234817716412
direct_vote_guarded,0.45,0.45,0.45,0.45,1104,"--+-,-++-,-+-+",3,True,0.12688097946297547,0.25,0.023255813953488413,0.03537981269510926,0.042039542143600415,0.003336568411318258,36,0.0516515979306677
direct_vote_guarded,0.6,0.6,0.6,0.6,1168,"--+-,+++-,-+-+",3,True,0.12687384195733423,0.125,0.03100775193798455,0.03537981269510926,0.048907388137356914,0.005981396843943101,37,0.059274384101970314
direct_vote_guarded,0.65,0.75,0.65,0.55,5376,"---+,-+-+,--++",3,True,0.12664583334279725,0.0625,0.03875968992248058,0.04058272632674298,0.04516129032258063,0.017480368882323946,44,0.07431477899563005
direct_vote_guarded,0.5,0.5,0.5,0.5,1040,"--+-,-+-+",2,True,0.12560173632503582,0.25,0.023255813953488302,0.03537981269510926,0.041415192507804365,0.02736010821264167,35,0.051600069192181276
direct_vote_guarded,0.55,0.55,0.65,0.55,33796,"-+--,-+-+,++++",3,True,0.12553681660784696,0.0625,0.03875968992248058,0.03850156087408951,0.04640998959417273,0.013481835312076126,39,0.060589979401488206
direct_vote_guarded,0.6,0.6,0.6,0.6,1092,"-+--,-++-,-+-+",3,True,0.12477521971441756,0.125,0.03100775193798455,0.03642039542143605,0.0457856399583767,0.019969260262020994,39,0.06280374618541512
direct_vote_guarded,0.65,0.65,0.75,0.55,1280,"---+,-+-+",2,True,0.12476640891870529,0.0625,0.03875968992248058,0.04058272632674298,0.0445369406867846,0.017480368882323946,44,0.07858585858585858
direct_vote_guarded,0.65,0.75,0.75,0.55,1280,"---+,-+-+",2,True,0.12476640891870529,0.0625,0.03875968992248058,0.04058272632674298,0.0445369406867846,0.017480368882323946,44,0.07858585858585858
direct_vote_guarded,0.45,0.45,0.45,0.45,33792,"-+-+,++++",2,True,0.12466510499557178,0.125,0.03100775193798455,0.03642039542143605,0.0445369406867846,0.020683710544908814,39,0.0566938128258883
direct_vote_guarded,0.7,0.7,0.7,0.7,532,"-+--,--+-,+--+",3,True,0.12429467977447202,0.0625,0.03875968992248069,0.03954214360041619,0.044328824141519264,0.0273173212659149,41,0.06611662022080281
direct_vote_guarded,0.55,0.55,0.75,0.55,33796,"-+--,-+-+,++++",3,True,0.12388635145661675,0.0625,0.03875968992248058,0.03850156087408951,0.045993756503642035,0.013640959383959634,40,0.06501469800989886
direct_vote_guarded,0.65,0.65,0.55,0.75,1104,"--+-,-++-,-+-+",3,True,0.12317864143180277,0.0625,0.03875968992248058,0.03850156087408951,0.048907388137356914,0.023246086401966296,41,0.0822280124430317
direct_vote_guarded,0.75,0.75,0.75,0.75,278,"+---,-+--,--+-,---+",4,True,0.1229189026951859,0.0625,0.03875968992248058,0.03850156087408951,0.044328824141519264,0.025740877476819822,42,0.05925885132515514
direct_vote_guarded,0.65,0.65,0.75,0.65,1156,"-+--,+++-,-+-+",3,True,0.12272683280575362,0.0625,0.03875968992248058,0.03850156087408951,0.04474505723204995,0.017480368882323946,40,0.06285238364120352
direct_vote_guarded,0.55,0.75,0.65,0.55,1296,"--+-,---+,-+-+",3,True,0.12262053146854127,0.0625,0.03875968992248069,0.0395421436004163,0.04328824141519254,0.026785083860218665,40,0.06744476226008375
direct_vote_guarded,0.55,0.75,0.65,0.55,3328,"---+,-+-+,++-+",3,True,0.12250671858977971,0.125,0.03100775193798455,0.037460978147762725,0.04058272632674298,0.013640959383959634,38,0.057815856585636094
direct_vote_guarded,0.65,0.65,0.75,0.65,1092,"-+--,-++-,-+-+",3,True,0.12208988855797122,0.0625,0.03875968992248058,0.03850156087408951,0.0445369406867846,0.025740877476819822,40,0.06365711390939353
direct_vote_guarded,0.65,0.65,0.65,0.65,1156,"-+--,+++-,-+-+",3,True,0.12185321402844076,0.0625,0.03875968992248058,0.03850156087408951,0.043704474505723234,0.025740877476819822,40,0.0602749878859962
direct_vote_guarded,0.65,0.65,0.75,0.55,5124,"-+--,-+-+,--++",3,True,0.12143858901023545,0.0625,0.03875968992248058,0.03850156087408951,0.0441207075962539,0.025740877476819822,40,0.06409790002957705
direct_vote_guarded,0.55,0.55,0.55,0.65,1168,"--+-,+++-,-+-+",3,True,0.12128991272206073,0.25,0.023255813953488413,0.03329864724245579,0.04308012486992716,0.0035765930138066428,34,0.05443370767118505
direct_vote_guarded,0.65,0.65,0.65,0.55,5376,"---+,-+-+,--++",3,True,0.12127406000426558,0.0625,0.03875968992248058,0.03954214360041619,0.04391259105098855,0.02616458089456945,43,0.07612690646057685
direct_vote_guarded,0.55,0.75,0.55,0.75,148,"-+--,--+-,+++-",3,True,0.12056254102605973,0.0625,0.03875968992248058,0.03954214360041619,0.04287200832466178,0.04085558842597249,41,0.07238667159398868
direct_vote_guarded,0.75,0.75,0.65,0.65,20,"-+--,--+-",2,True,0.11971329337811071,0.125,0.03100775193798444,0.037460978147762725,0.039750260145681574,0.02736010821264167,38,0.06356320138449881
direct_vote_guarded,0.75,0.75,0.65,0.65,28,"-+--,++--,--+-",3,True,0.11971329337811071,0.125,0.03100775193798444,0.037460978147762725,0.039750260145681574,0.02736010821264167,38,0.06356320138449881
direct_vote_guarded,0.75,0.75,0.65,0.65,148,"-+--,--+-,+++-",3,True,0.11971329337811071,0.125,0.03100775193798444,0.037460978147762725,0.039750260145681574,0.02736010821264167,38,0.06356320138449881
direct_vote_guarded,0.75,0.75,0.75,0.75,28,"-+--,++--,--+-",3,True,0.11950290776364174,0.125,0.03100775193798444,0.036420395421435936,0.04016649323621228,0.018648838439492346,37,0.05477906477906478
direct_vote_guarded,0.55,0.75,0.65,0.55,2320,"--+-,---+,++-+",3,True,0.11946777071077622,0.0625,0.03875968992248069,0.03850156087408951,0.04370447450572319,0.025414457600413012,39,0.0698428747467663
direct_vote_guarded,0.65,0.65,0.55,0.75,1092,"-+--,-++-,-+-+",3,True,0.11924282610255589,0.0625,0.03875968992248058,0.037460978147762725,0.044328824141519264,0.037751004519118794,40,0.060515354816369826
direct_vote_guarded,0.55,0.55,0.55,0.55,1040,"--+-,-+-+",2,True,0.11912255395140985,0.125,0.03100775193798455,0.03642039542143605,0.04224765868886575,0.014755186332989079,37,0.06743403255031162
direct_vote_guarded,0.65,0.75,0.55,0.75,1048,"++--,--+-,-+-+",3,True,0.11890206252360835,0.0625,0.03875968992248058,0.037460978147762725,0.04765868886576481,0.017456760322141007,40,0.08081724523399499
direct_vote_guarded,0.7,0.7,0.7,0.7,20,"-+--,--+-",2,True,0.11887414822612448,0.0625,0.03875968992248069,0.0385015608740894,0.04308012486992716,0.04024213668310421,40,0.06778453225261737
direct_vote_guarded,0.65,0.55,0.65,0.55,148,"-+--,--+-,+++-",3,True,0.11878625242545555,0.0625,0.03875968992248069,0.03850156087408951,0.04516129032258065,0.018248117604955368,40,0.0807176973353444
direct_vote_guarded,0.75,0.75,0.75,0.75,20,"-+--,--+-",2,True,0.11878193865604363,0.125,0.03100775193798444,0.036420395421435936,0.039750260145681594,0.019969260262020994,37,0.0553928953928954
direct_vote_guarded,0.55,0.65,0.65,0.75,20,"-+--,--+-",2,True,0.11863693156108576,0.125,0.03100775193798455,0.03642039542143605,0.042039542143600436,0.021925789677282616,39,0.06772066780868477
direct_vote_guarded,0.65,0.65,0.75,0.55,5136,"--+-,-+-+,--++",3,True,0.1183292395694773,0.125,0.03100775193798444,0.03642039542143605,0.040790842872008334,0.019969260262020994,39,0.06261472191606103
direct_vote_guarded,0.55,0.65,0.55,0.65,20,"-+--,--+-",2,True,0.11829410627410775,0.0625,0.03875968992248058,0.03850156087408951,0.04245577523413113,0.028394466102393545,39,0.06780589560100349
direct_vote_guarded,0.55,0.55,0.55,0.75,208,"--+-,-++-,+++-",3,True,0.11828620576069149,0.125,0.03100775193798444,0.03642039542143605,0.042039542143600415,0.021870197250257753,38,0.06912801840442419
direct_vote_guarded,0.65,0.75,0.55,0.75,152,"++--,--+-,+++-",3,True,0.11809476829034446,0.0625,0.03875968992248058,0.03850156087408951,0.045369406867846004,0.025414457600413012,41,0.08399253271153251
direct_vote_guarded,0.75,0.75,0.55,0.55,65256,"++--,+-+-,-++-,+++-,+--+,-+-+,++-+,--++,+-++,-+++,++++",11,True,0.11802998352025976,0.25,0.023255813953488413,0.03433922996878247,0.03870967741935483,0.018399126710406066,36,0.05604828775560482
direct_vote_guarded,0.8,0.8,0.8,0.8,65534,"+---,-+--,++--,--+-,+-+-,-++-,+++-,---+,+--+,-+-+,++-+,--++,+-++,-+++,++++",15,True,0.11797401597620853,0.25,0.023255813953488413,0.03433922996878247,0.037044745057232056,0.02826303700258793,34,0.04682539682539682
direct_vote_guarded,0.55,0.55,0.75,0.65,1284,"-+--,---+,-+-+",3,True,0.11793307743623674,0.0625,0.03875968992248058,0.037460978147762725,0.044328824141519216,0.020683710544908814,40,0.0671197329995828
direct_vote_guarded,0.55,0.65,0.65,0.65,1060,"-+--,+-+-,-+-+",3,True,0.11792268353710923,0.125,0.03100775193798444,0.03537981269510926,0.042039542143600415,0.019623457021034938,38,0.05827485380116959
direct_vote_guarded,0.55,0.65,0.65,0.75,1060,"-+--,+-+-,-+-+",3,True,0.11792268353710923,0.125,0.03100775193798444,0.03537981269510926,0.042039542143600415,0.019623457021034938,38,0.05827485380116959
direct_vote_guarded,0.55,0.65,0.55,0.65,1168,"--+-,+++-,-+-+",3,True,0.11774935833061755,0.25,0.023255813953488413,0.03329864724245579,0.040790842872008334,0.008462275628896471,33,0.05630080423857266
direct_vote_guarded,0.75,0.65,0.75,0.65,1104,"--+-,-++-,-+-+",3,True,0.1174787461771866,0.125,0.03100775193798455,0.037460978147762725,0.03995837669094691,0.03993508799787694,38,0.07257759784075574
direct_vote_guarded,0.55,0.75,0.55,0.65,3088,"--+-,-+-+,++-+",3,True,0.11717169608292836,0.0625,0.03875968992248058,0.03850156087408951,0.0428720083246618,0.019560488225068038,40,0.07516666666666666
direct_vote_guarded,0.55,0.55,0.55,0.65,644,"-+--,+++-,+--+",3,True,0.11688919825848511,0.125,0.03100775193798444,0.03537981269510926,0.04058272632674298,0.021870197250257753,37,0.05465361344966949
direct_vote_guarded,0.6,0.6,0.6,0.6,1156,"-+--,+++-,-+-+",3,True,0.11681687887719124,0.125,0.03100775193798455,0.03329864724245579,0.04703433922996878,0.029342633475119832,36,0.06291949774178822
direct_vote_guarded,0.65,0.55,0.65,0.65,1168,"--+-,+++-,-+-+",3,True,0.11681529573408837,0.125,0.03100775193798455,0.03537981269510926,0.04308012486992716,0.025997667906047846,37,0.0676054983193507
direct_vote_guarded,0.55,0.55,0.55,0.65,1540,"-+--,+--+,-+-+",3,True,0.11644366518677388,0.125,0.03100775193798455,0.03537981269510926,0.040374609781477645,0.030376567352400602,36,0.054673030092962906
direct_vote_guarded,0.55,0.75,0.65,0.65,52,"-+--,--+-,+-+-",3,True,0.11643499712537812,0.125,0.03100775193798444,0.037460978147762725,0.03850156087408947,0.02736010821264167,39,0.07018315018315018
direct_vote_guarded,0.65,0.55,0.55,0.65,208,"--+-,-++-,+++-",3,True,0.1162089184263157,0.0625,0.03875968992248058,0.037460978147762725,0.045993756503642014,0.013047648359842887,40,0.08328490229711095
direct_vote_guarded,0.65,0.65,0.75,0.55,1028,"-+--,-+-+",2,True,0.11605359296906932,0.0625,0.03875968992248058,0.037460978147762725,0.0428720083246618,0.037751004519118794,39,0.06569684510265725
direct_vote_guarded,0.65,0.65,0.75,0.65,1028,"-+--,-+-+",2,True,0.11605359296906932,0.0625,0.03875968992248058,0.037460978147762725,0.0428720083246618,0.037751004519118794,39,0.06569684510265725
direct_vote_guarded,0.5,0.5,0.5,0.5,33856,"-++-,-+-+,++++",3,True,0.1157047504755354,0.5,0.015503875968992276,0.02913631633714886,0.03808532778355882,0.008915147455562749,30,0.028333333333333332
direct_vote_guarded,0.75,0.65,0.75,0.65,84,"-+--,--+-,-++-",3,True,0.11566552687296316,0.0625,0.03875968992248058,0.037460978147762725,0.04308012486992714,0.02616458089456945,40,0.06925822941242557
direct_vote_guarded,0.45,0.45,0.45,0.45,1040,"--+-,-+-+",2,True,0.11556606946583528,0.25,0.023255813953488413,0.03329864724245579,0.03891779396462018,0.005206974068570945,34,0.05555452950410934
direct_vote_guarded,0.75,0.55,0.75,0.65,1104,"--+-,-++-,-+-+",3,True,0.11553259566233746,0.0625,0.03875968992248069,0.03850156087408951,0.042039542143600415,0.01856829079419009,41,0.07747362000198076
direct_vote_guarded,0.65,0.65,0.65,0.55,1280,"---+,-+-+",2,True,0.11533329524321992,0.0625,0.03875968992248058,0.03850156087408951,0.04224765868886578,0.025740877476819822,42,0.07877922077922077
direct_vote_guarded,0.65,0.75,0.65,0.55,1280,"---+,-+-+",2,True,0.11533329524321992,0.0625,0.03875968992248058,0.03850156087408951,0.04224765868886578,0.025740877476819822,42,0.07877922077922077
direct_vote_guarded,0.65,0.75,0.65,0.55,1288,"++--,---+,-+-+",3,True,0.11533329524321992,0.0625,0.03875968992248058,0.03850156087408951,0.04224765868886578,0.025740877476819822,42,0.07877922077922077
direct_vote_guarded,0.65,0.65,0.65,0.65,1092,"-+--,-++-,-+-+",3,True,0.11509164681272306,0.0625,0.03875968992248058,0.03642039542143605,0.04370447450572321,0.037751004519118794,38,0.06138646115364157
direct_vote_guarded,0.65,0.55,0.65,0.55,32788,"-+--,--+-,++++",3,True,0.11461994569088624,0.0625,0.03875968992248069,0.037460978147762725,0.04453694068678458,0.018567713006988257,39,0.08162374581939799
direct_vote_guarded,0.55,0.65,0.55,0.55,1040,"--+-,-+-+",2,True,0.11442140386944848,0.125,0.03100775193798444,0.03537981269510926,0.040790842872008334,0.014807990345501837,36,0.06617197359357638
direct_vote_guarded,0.65,0.75,0.55,0.55,5376,"---+,-+-+,--++",3,True,0.11428715841433244,0.0625,0.03875968992248058,0.037460978147762725,0.04308012486992714,0.037751004519118794,41,0.07384478935698448
direct_vote_guarded,0.5,0.5,0.5,0.5,37888,"-+-+,--++,++++",3,True,0.11419238030577258,0.5,0.015503875968992276,0.02913631633714886,0.037044745057232056,0.008915147455562749,30,0.02897178383548541
direct_vote_guarded,0.55,0.65,0.55,0.75,1156,"-+--,+++-,-+-+",3,True,0.11379807553802758,0.5,0.015503875968992276,0.030176899063475537,0.03454734651404787,0.006061965206187906,30,0.030277777777777775
direct_vote_guarded,0.55,0.55,0.75,0.65,33796,"-+--,-+-+,++++",3,True,0.11374502802877534,0.0625,0.03875968992248058,0.03642039542143605,0.04370447450572319,0.02042684186355897,38,0.068158869301877
direct_vote_guarded,0.55,0.75,0.55,0.55,2068,"-+--,--+-,++-+",3,True,0.1137375306664126,0.0625,0.03875968992248058,0.03850156087408951,0.04058272632674298,0.04085558842597249,39,0.07529545392747937
direct_vote_guarded,0.55,0.75,0.55,0.55,272,"--+-,---+",2,True,0.11369367746952533,0.125,0.03100775193798455,0.03642039542143605,0.041415192507804385,0.0322971425875897,39,0.08341735783596249
direct_vote_guarded,0.4,0.4,0.4,0.4,9232,"--+-,-+-+,+-++",3,True,0.11321044004078787,0.0625,0.03875968992248058,0.037460978147762725,0.04391259105098855,0.037751004519118794,40,0.08248048699268211
direct_vote_guarded,0.65,0.65,0.65,0.55,5124,"-+--,-+-+,--++",3,True,0.11318347108177404,0.0625,0.03875968992248058,0.03642039542143605,0.04245577523413111,0.03763170565107546,39,0.0625354717746022
direct_vote_guarded,0.65,0.65,0.75,0.55,1040,"--+-,-+-+",2,True,0.11314516069884555,0.125,0.03100775193798444,0.03537981269510926,0.03954214360041623,0.019623457021034938,38,0.06439847272966656
direct_vote_guarded,0.55,0.55,0.75,0.55,1028,"-+--,-+-+",2,True,0.11312389299828032,0.0625,0.03875968992248058,0.03642039542143605,0.04328824141519252,0.02042684186355897,38,0.0684789973530975
direct_vote_guarded,0.55,0.55,0.75,0.65,1028,"-+--,-+-+",2,True,0.11312389299828032,0.0625,0.03875968992248058,0.03642039542143605,0.04328824141519252,0.02042684186355897,38,0.0684789973530975
direct_vote_guarded,0.55,0.55,0.75,0.75,1028,"-+--,-+-+",2,True,0.11312389299828032,0.0625,0.03875968992248058,0.03642039542143605,0.04328824141519252,0.02042684186355897,38,0.0684789973530975
direct_vote_guarded,0.65,0.55,0.75,0.55,33856,"-++-,-+-+,++++",3,True,0.11221535260794062,0.125,0.03100775193798444,0.03537981269510926,0.039750260145681546,0.019623457021034938,38,0.06919991112866594
direct_vote_guarded,0.65,0.55,0.55,0.75,80,"--+-,-++-",2,True,0.11216006882174265,0.0625,0.03875968992248058,0.037460978147762725,0.0445369406867846,0.04647376382203411,40,0.08923076923076922
direct_vote_guarded,0.65,0.65,0.55,0.75,80,"--+-,-++-",2,True,0.11216006882174265,0.0625,0.03875968992248058,0.037460978147762725,0.0445369406867846,0.04647376382203411,40,0.08923076923076922
direct_vote_guarded,0.65,0.55,0.75,0.55,17472,"-++-,-+-+,-+++",3,True,0.11214317403768763,0.125,0.03100775193798444,0.03537981269510926,0.039750260145681574,0.019623457021034938,38,0.06948862540967804
direct_vote_guarded,0.55,0.75,0.65,0.65,1072,"--+-,+-+-,-+-+",3,True,0.11205559542792588,0.125,0.03100775193798455,0.03537981269510926,0.03891779396462018,0.020683710544908814,37,0.06542529542529543
direct_vote_guarded,0.65,0.75,0.55,0.75,1168,"--+-,+++-,-+-+",3,True,0.11170418775389668,0.0625,0.03875968992248058,0.03642039542143605,0.045369406867846004,0.02629664993648933,39,0.08451029403859593
direct_vote_guarded,0.65,0.65,0.55,0.75,1168,"--+-,+++-,-+-+",3,True,0.1116332460680949,0.125,0.03100775193798455,0.03433922996878247,0.04370447450572319,0.025787877816654578,36,0.07911010558069381
direct_vote_guarded,0.55,0.65,0.75,0.75,164,"-+--,+-+-,+++-",3,True,0.1116146732389892,0.25,0.023255813953488413,0.032258064516129004,0.039125910509885495,0.022308198659214944,34,0.05858722976370036
direct_vote_guarded,0.65,0.65,0.55,0.75,196,"-+--,-++-,+++-",3,True,0.11160994341497411,0.0625,0.03875968992248058,0.03537981269510926,0.0432882414151925,0.02616458089456945,37,0.06158878384792007
direct_vote_guarded,0.65,0.65,0.65,0.75,196,"-+--,-++-,+++-",3,True,0.11160994341497411,0.0625,0.03875968992248058,0.03537981269510926,0.0432882414151925,0.02616458089456945,37,0.06158878384792007
direct_vote_guarded,0.55,0.55,0.55,0.75,68,"-+--,-++-",2,True,0.11156595367131235,0.0625,0.03875968992248058,0.03642039542143605,0.042663891779396466,0.04085558842597249,39,0.06982983682983683
direct_vote_guarded,0.55,0.55,0.55,0.75,324,"-+--,-++-,---+",3,True,0.11156595367131235,0.0625,0.03875968992248058,0.03642039542143605,0.042663891779396466,0.04085558842597249,39,0.06982983682983683
direct_vote_guarded,0.55,0.65,0.75,0.65,1060,"-+--,+-+-,-+-+",3,True,0.11106732857774541,0.25,0.023255813953488413,0.032258064516129004,0.03850156087408949,0.014892461194419403,34,0.05812324929971988
direct_vote_guarded,0.55,0.65,0.75,0.75,1060,"-+--,+-+-,-+-+",3,True,0.11106732857774541,0.25,0.023255813953488413,0.032258064516129004,0.03850156087408949,0.014892461194419403,34,0.05812324929971988
direct_vote_guarded,0.55,0.55,0.55,0.65,132,"-+--,+++-",2,True,0.11077912239568279,0.125,0.03100775193798444,0.03433922996878258,0.03870967741935485,0.021925789677282616,36,0.05686262247237857
direct_vote_guarded,0.55,0.55,0.65,0.55,33808,"--+-,-+-+,++++",3,True,0.11048608089885886,0.125,0.03100775193798455,0.03433922996878258,0.03933402705515088,0.030371514178087557,36,0.06060574860574861
direct_vote_guarded,0.55,0.65,0.65,0.75,36,"-+--,+-+-",2,True,0.11025218622327267,0.125,0.03100775193798444,0.03433922996878247,0.03954214360041619,0.03205317311479608,37,0.06248900062853552
direct_vote_guarded,0.6,0.6,0.6,0.6,1040,"--+-,-+-+",2,True,0.1100028357514313,0.125,0.03100775193798455,0.032258064516129004,0.044328824141519244,0.013948101364876394,34,0.06485156163778831
direct_vote_guarded,0.55,0.75,0.75,0.65,65256,"++--,+-+-,-++-,+++-,+--+,-+-+,++-+,--++,+-++,-+++,++++",11,True,0.10946618251464778,0.0625,0.03875968992248069,0.037460978147762725,0.040790842872008314,0.038865980194982164,41,0.08113522851247579
direct_vote_guarded,0.55,0.55,0.55,0.55,33920,"+++-,-+-+,++++",3,True,0.10928802840076335,0.5,0.015503875968992276,0.030176899063475537,0.03329864724245575,0.009320749507146866,30,0.041564027370478984
direct_vote_guarded,0.55,0.75,0.55,0.55,3328,"---+,-+-+,++-+",3,True,0.10917843233516082,0.125,0.03100775193798455,0.03433922996878247,0.037460978147762725,0.020683710544908814,34,0.05687151283277538
direct_vote_guarded,0.65,0.75,0.55,0.75,24,"++--,--+-",2,True,0.10906277578668995,0.0625,0.03875968992248058,0.03642039542143605,0.04391259105098857,0.03674213912050332,39,0.0866648605250429
direct_vote_guarded,0.65,0.65,0.55,0.75,1156,"-+--,+++-,-+-+",3,True,0.10899764978155471,0.125,0.03100775193798444,0.03329864724245579,0.03912591050988552,0.029342633475119832,36,0.05307258477990186
direct_vote_guarded,0.5,0.5,0.5,0.5,33792,"-+-+,++++",2,True,0.10882939956839524,0.5,0.015503875968992276,0.02809573361082207,0.03558792924037461,0.014198366670881155,29,0.029938614284189174
direct_vote_guarded,0.55,0.65,0.65,0.55,33808,"--+-,-+-+,++++",3,True,0.10881597326768551,0.25,0.023255813953488413,0.032258064516129004,0.03642039542143598,0.022308198659214944,33,0.05571335118897763
direct_vote_guarded,0.55,0.55,0.65,0.55,1028,"-+--,-+-+",2,True,0.1086988723135175,0.0625,0.03875968992248058,0.03537981269510926,0.042039542143600395,0.030376567352400602,36,0.06640287312484108
direct_vote_guarded,0.55,0.55,0.65,0.65,1028,"-+--,-+-+",2,True,0.1086988723135175,0.0625,0.03875968992248058,0.03537981269510926,0.042039542143600395,0.030376567352400602,36,0.06640287312484108
direct_vote_guarded,0.65,0.65,0.55,0.65,1156,"-+--,+++-,-+-+",3,True,0.10845654676386479,0.125,0.03100775193798444,0.03329864724245579,0.03870967741935483,0.029342633475119832,36,0.05307258477990186
direct_vote_guarded,0.55,0.65,0.55,0.75,644,"-+--,+++-,+--+",3,True,0.10804912788423499,0.5,0.015503875968992276,0.02913631633714886,0.03309053069719044,0.014951133073305665,30,0.0325
direct_vote_guarded,0.65,0.55,0.65,0.55,20,"-+--,--+-",2,True,0.10771854980857083,0.0625,0.03875968992248069,0.03642039542143605,0.04245577523413113,0.026785083860218665,38,0.0852628866106831
direct_vote_guarded,0.55,0.65,0.65,0.65,1072,"--+-,+-+-,-+-+",3,True,0.10761338689377811,0.125,0.03100775193798455,0.03433922996878247,0.03829344432882413,0.02736010821264167,35,0.06692640692640692
direct_vote_guarded,0.75,0.65,0.65,0.55,84,"-+--,--+-,-++-",3,True,0.10756534558545477,0.0625,0.03875968992248069,0.037460978147762725,0.03954214360041621,0.03898557593554761,40,0.08223577235772359
direct_vote_guarded,0.55,0.55,0.55,0.55,1028,"-+--,-+-+",2,True,0.10727384702378007,0.125,0.03100775193798455,0.03329864724245579,0.03850156087408951,0.030371514178087557,33,0.05663886724862335
direct_vote_guarded,0.55,0.55,0.55,0.65,1028,"-+--,-+-+",2,True,0.10727384702378007,0.125,0.03100775193798455,0.03329864724245579,0.03850156087408951,0.030371514178087557,33,0.05663886724862335
direct_vote_guarded,0.55,0.65,0.55,0.55,148,"-+--,--+-,+++-",3,True,0.10716056580893189,0.125,0.03100775193798444,0.03433922996878247,0.03766909469302808,0.02736010821264167,34,0.06549107315965279
direct_vote_guarded,0.65,0.65,0.75,0.55,5736,"++--,+-+-,-++-,+--+,-+-+,--++",6,True,0.10676769710467954,0.125,0.03100775193798455,0.03433922996878258,0.03766909469302811,0.030371514178087557,37,0.06682163549942755
direct_vote_guarded,0.75,0.55,0.65,0.65,65256,"++--,+-+-,-++-,+++-,+--+,-+-+,++-+,--++,+-++,-+++,++++",11,True,0.10674690412469531,0.0625,0.03875968992248069,0.03642039542143605,0.03954214360041626,0.03763170565107546,37,0.07313085510759929
direct_vote_guarded,0.55,0.75,0.55,0.75,1044,"-+--,--+-,-+-+",3,True,0.10652169462647802,0.0625,0.03875968992248058,0.03537981269510926,0.041623309053069726,0.019814912689705602,37,0.073792104175255
direct_vote_guarded,0.65,0.55,0.75,0.55,1088,"-++-,-+-+",2,True,0.10608435772480412,0.125,0.03100775193798444,0.03433922996878247,0.038085327783558776,0.02937664141014604,37,0.07179899491112306
direct_vote_guarded,0.55,0.65,0.75,0.55,1060,"-+--,+-+-,-+-+",3,True,0.10603068065131036,0.25,0.023255813953488413,0.031217481789802326,0.037460978147762745,0.021434126996370956,33,0.05984848484848485
direct_vote_guarded,0.8,0.8,0.8,0.8,278,"+---,-+--,--+-,---+",4,True,0.10565480247152075,0.25,0.023255813953488413,0.031217481789802215,0.03454734651404785,0.041540058597283776,31,0.04459263854425145
direct_vote_guarded,0.65,0.75,0.65,0.55,65256,"++--,+-+-,-++-,+++-,+--+,-+-+,++-+,--++,+-++,-+++,++++",11,True,0.10562418352997714,0.0625,0.03875968992248069,0.03642039542143605,0.039750260145681574,0.03898557593554761,39,0.0785956338990939
direct_vote_guarded,0.55,0.75,0.75,0.55,2308,"-+--,---+,++-+",3,True,0.10537270872327864,0.25,0.023255813953488413,0.031217481789802326,0.03496357960457856,0.014531841830685385,31,0.050046082949308755
direct_vote_guarded,0.65,0.75,0.75,0.75,28,"-+--,++--,--+-",3,True,0.10504398483804718,0.125,0.03100775193798444,0.03329864724245568,0.03725286160249737,0.029342633475119832,34,0.05914739023551226
direct_vote_guarded,0.55,0.65,0.55,0.65,1156,"-+--,+++-,-+-+",3,True,0.10488500279958425,0.5,0.015503875968992276,0.02809573361082207,0.032882414151925075,0.014951133073305665,28,0.03158730158730159
direct_vote_guarded,0.8,0.8,0.8,0.8,22,"+---,-+--,--+-",3,True,0.1048431479449859,0.25,0.023255813953488413,0.031217481789802215,0.03392299687825182,0.041540058597283776,30,0.04459263854425145
direct_vote_guarded,0.65,0.75,0.55,0.65,88,"++--,--+-,-++-",3,True,0.1039518410342023,0.0625,0.03875968992248058,0.03537981269510926,0.042663891779396466,0.025414457600413012,38,0.08903458512840036
direct_vote_guarded,0.55,0.65,0.75,0.75,36,"-+--,+-+-",2,True,0.10343989963690063,0.25,0.023255813953488413,0.031217481789802326,0.03600416233090531,0.022138052979026452,33,0.06257985257985257
direct_vote_guarded,0.65,0.55,0.75,0.55,50176,"-+-+,-+++,++++",3,True,0.10336238898324288,0.125,0.03100775193798444,0.03329864724245579,0.03850156087408949,0.029342633475119832,36,0.07236700986700986
direct_vote_guarded,0.55,0.65,0.65,0.65,148,"-+--,--+-,+++-",3,True,0.10334700390110124,0.125,0.03100775193798444,0.03329864724245579,0.03766909469302808,0.03205317311479608,35,0.06788288288288288
direct_vote_guarded,0.65,0.65,0.75,0.75,196,"-+--,-++-,+++-",3,True,0.10329789165597242,0.0625,0.03875968992248058,0.03329864724245579,0.042039542143600415,0.02616458089456945,35,0.06336976923980633
direct_vote_guarded,0.55,0.65,0.55,0.75,132,"-+--,+++-",2,True,0.10328822085198953,0.5,0.015503875968992276,0.02809573361082207,0.03204994797086367,0.015610186289501672,29,0.033592880978865404
direct_vote_guarded,0.55,0.65,0.55,0.55,33796,"-+--,-+-+,++++",3,True,0.10306216370903994,0.5,0.015503875968992276,0.02809573361082207,0.03267429760665972,0.014951133073305665,28,0.03779645191409897
direct_vote_guarded,0.65,0.75,0.55,0.75,1040,"--+-,-+-+",2,True,0.10283884934926522,0.0625,0.03875968992248058,0.03433922996878247,0.04391259105098855,0.02937664141014604,37,0.08717582065972744
direct_vote_guarded,0.55,0.55,0.65,0.65,5736,"++--,+-+-,-++-,+--+,-+-+,--++",6,True,0.10270312763435498,0.125,0.03100775193798455,0.03329864724245579,0.037460978147762766,0.0322971425875897,36,0.06935666435666436
direct_vote_guarded,0.65,0.65,0.55,0.65,1540,"-+--,+--+,-+-+",3,True,0.10265206854377008,0.125,0.03100775193798444,0.032258064516129004,0.03725286160249739,0.0430126792226518,35,0.055134459036898065
direct_vote_guarded,0.65,0.75,0.55,0.75,144,"--+-,+++-",2,True,0.10185481441366012,0.0625,0.03875968992248058,0.03537981269510926,0.041623309053069726,0.0388325781353466,38,0.09093821179087537
direct_vote_guarded,0.65,0.65,0.75,0.75,644,"-+--,+++-,+--+",3,True,0.10176296774926771,0.0625,0.03875968992248058,0.03329864724245579,0.040998959417273675,0.02616458089456945,35,0.06409843468972612
direct_vote_guarded,0.75,0.75,0.65,0.55,65256,"++--,+-+-,-++-,+++-,+--+,-+-+,++-+,--++,+-++,-+++,++++",11,True,0.10175708854731816,0.25,0.023255813953488413,0.031217481789802326,0.03392299687825182,0.027728983291215696,33,0.05804176215940922
direct_vote_guarded,0.65,0.65,0.65,0.75,644,"-+--,+++-,+--+",3,True,0.10161542505424437,0.0625,0.03875968992248058,0.03329864724245579,0.040374609781477624,0.037751004519118794,35,0.0605150734737161
direct_vote_guarded,0.65,0.65,0.55,0.55,5124,"-+--,-+-+,--++",3,True,0.10149628632720166,0.125,0.03100775193798444,0.031217481789802326,0.03850156087408949,0.04355127480161175,34,0.05372074375321374
direct_vote_guarded,0.5,0.5,0.5,0.5,1344,"-++-,---+,-+-+",3,True,0.10146297397625208,0.5,0.015503875968992165,0.02809573361082207,0.03142559833506762,0.010580215839236747,28,0.03804964801169735
direct_vote_guarded,0.55,0.75,0.65,0.65,304,"--+-,+-+-,---+",3,True,0.10138700377422981,0.25,0.023255813953488413,0.031217481789802326,0.03537981269510926,0.04024213668310421,32,0.06609649122807018
direct_vote_guarded,0.8,0.8,0.8,0.8,84,"-+--,--+-,-++-",3,True,0.10109993349656075,0.25,0.023255813953488413,0.030176899063475537,0.033506763787721126,0.04254416888194315,29,0.04483376272849957
direct_vote_guarded,0.65,0.65,0.65,0.75,580,"-+--,-++-,+--+",3,True,0.10106545429064312,0.0625,0.03875968992248058,0.03329864724245579,0.040790842872008334,0.037751004519118794,35,0.06487936859888079
direct_vote_guarded,0.65,0.65,0.75,0.75,580,"-+--,-++-,+--+",3,True,0.10106545429064312,0.0625,0.03875968992248058,0.03329864724245579,0.040790842872008334,0.037751004519118794,35,0.06487936859888079
direct_vote_guarded,0.55,0.65,0.55,0.75,1168,"--+-,+++-,-+-+",3,True,0.10091260143877026,0.25,0.023255813953488302,0.030176899063475537,0.035796045785639954,0.026885737018357697,30,0.05874003189792663
direct_vote_guarded,0.8,0.8,0.8,0.8,20,"-+--,--+-",2,True,0.100754767223712,0.25,0.023255813953488413,0.030176899063475537,0.03329864724245577,0.041540058597283776,29,0.04521255060728745
direct_vote_guarded,0.8,0.8,0.8,0.8,28,"-+--,++--,--+-",3,True,0.100754767223712,0.25,0.023255813953488413,0.030176899063475537,0.03329864724245577,0.041540058597283776,29,0.04521255060728745
direct_vote_guarded,0.65,0.75,0.55,0.65,4176,"--+-,-++-,--++",3,True,0.10069023432141994,0.0625,0.03875968992248058,0.03433922996878247,0.042663891779396466,0.02937664141014604,37,0.08927704455882972
direct_vote_guarded,0.65,0.65,0.55,0.55,33796,"-+--,-+-+,++++",3,True,0.10054197999492923,0.125,0.03100775193798444,0.031217481789802326,0.038085327783558796,0.04355127480161175,34,0.05537355701154391
direct_vote_guarded,0.55,0.65,0.55,0.65,1296,"--+-,---+,-+-+",3,True,0.10042635414179295,0.25,0.023255813953488413,0.030176899063475537,0.036212278876170644,0.023783245022832696,30,0.06309763251623716
direct_vote_guarded,0.65,0.55,0.65,0.55,33920,"+++-,-+-+,++++",3,True,0.10024954957003467,0.125,0.03100775193798444,0.032258064516129004,0.038085327783558796,0.0430126792226518,35,0.06907335907335908
direct_vote_guarded,0.65,0.65,0.75,0.65,148,"-+--,--+-,+++-",3,True,0.10019790473121461,0.125,0.03100775193798444,0.032258064516129004,0.03766909469302808,0.02937664141014604,34,0.06820640938287999
direct_vote_guarded,0.5,0.5,0.5,0.5,5376,"---+,-+-+,--++",3,True,0.09966843839614609,0.5,0.015503875968992165,0.02809573361082207,0.030385015608740896,0.015610186289501672,28,0.03941436251920123
direct_vote_guarded,0.65,0.65,0.75,0.65,84,"-+--,--+-,-++-",3,True,0.0994564941284463,0.125,0.03100775193798444,0.032258064516129004,0.037460978147762725,0.0430126792226518,34,0.06899896273357287
direct_vote_guarded,0.55,0.55,0.55,0.75,144,"--+-,+++-",2,True,0.09945256927240864,0.25,0.023255813953488302,0.030176899063475537,0.035171696149843876,0.03530584582392654,31,0.06065993375278804
direct_vote_guarded,0.55,0.55,0.55,0.75,400,"--+-,+++-,---+",3,True,0.09945256927240864,0.25,0.023255813953488302,0.030176899063475537,0.035171696149843876,0.03530584582392654,31,0.06065993375278804
direct_vote_guarded,0.55,0.55,0.55,0.65,656,"--+-,+++-,+--+",3,True,0.09936922549298917,0.25,0.023255813953488302,0.030176899063475537,0.03496357960457856,0.023517584295134876,31,0.06085416375738957
direct_vote_guarded,0.55,0.75,0.55,0.55,1044,"-+--,--+-,-+-+",3,True,0.09908812529409851,0.0625,0.03875968992248058,0.03433922996878247,0.03933402705515088,0.041697670146794506,36,0.07738450180310645
direct_vote_guarded,0.65,0.65,0.65,0.55,4116,"-+--,--+-,--++",3,True,0.09904799454691707,0.125,0.03100775193798455,0.03329864724245579,0.03662851196670136,0.03993508799787694,36,0.07903733693207378
direct_vote_guarded,0.55,0.75,0.55,0.65,1296,"--+-,---+,-+-+",3,True,0.09898354976027512,0.125,0.03100775193798444,0.032258064516129004,0.037460978147762745,0.0322971425875897,33,0.07174798313706277
direct_vote_guarded,0.55,0.75,0.65,0.75,1072,"--+-,+-+-,-+-+",3,True,0.0986491258804627,0.25,0.023255813953488413,0.031217481789802326,0.03371488033298649,0.03993508799787694,33,0.06841491841491841
direct_vote_guarded,0.65,0.55,0.55,0.65,80,"--+-,-++-",2,True,0.09851809358654867,0.0625,0.03875968992248058,0.03433922996878247,0.041415192507804365,0.02937664141014604,37,0.09147237128603589
direct_vote_guarded,0.65,0.75,0.55,0.65,80,"--+-,-++-",2,True,0.09851809358654867,0.0625,0.03875968992248058,0.03433922996878247,0.041415192507804365,0.02937664141014604,37,0.09147237128603589
direct_vote_guarded,0.65,0.75,0.55,0.65,4120,"++--,--+-,--++",3,True,0.09837828499622586,0.0625,0.03875968992248058,0.03433922996878247,0.041415192507804365,0.03674213912050332,37,0.09144236583049851
direct_vote_guarded,0.55,0.65,0.55,0.75,656,"--+-,+++-,+--+",3,True,0.09816046240157279,0.25,0.023255813953488302,0.030176899063475537,0.03433922996878249,0.03530584582392654,30,0.06149953709461233
direct_vote_guarded,0.55,0.65,0.65,0.75,1156,"-+--,+++-,-+-+",3,True,0.09804007786070743,0.25,0.023255813953488302,0.02809573361082207,0.0351716961498439,0.015597952034022956,29,0.04291254547094369
direct_vote_guarded,0.65,0.65,0.65,0.55,5736,"++--,+-+-,-++-,+--+,-+-+,--++",6,True,0.09785292919406112,0.125,0.03100775193798455,0.032258064516129004,0.03662851196670134,0.04478338997936065,35,0.07094274146905725
direct_vote_guarded,0.65,0.55,0.75,0.55,33792,"-+-+,++++",2,True,0.09718499277136937,0.125,0.03100775193798444,0.032258064516129004,0.036836628511966694,0.0430126792226518,35,0.07483835005574137
direct_vote_guarded,0.65,0.55,0.75,0.55,17408,"-+-+,-+++",2,True,0.09709099363325259,0.125,0.03100775193798444,0.032258064516129004,0.036836628511966694,0.0430126792226518,34,0.0752143466082085
direct_vote_guarded,0.65,0.75,0.65,0.55,1040,"--+-,-+-+",2,False,-9.878788206642,0.125,0.03100775193798444,0.03850156087408951,0.03995837669094695,0.07500579950012516,39,0.0673267449132452
direct_vote_guarded,0.65,0.75,0.65,0.55,1048,"++--,--+-,-+-+",3,False,-9.878788206642,0.125,0.03100775193798444,0.03850156087408951,0.03995837669094695,0.07500579950012516,39,0.0673267449132452
direct_vote_guarded,0.65,0.75,0.65,0.65,1168,"--+-,+++-,-+-+",3,False,-9.880096766135184,0.125,0.03100775193798444,0.037460978147762725,0.03954214360041623,0.07500579950012516,37,0.057909578099296574
direct_vote_guarded,0.65,0.75,0.65,0.65,1048,"++--,--+-,-+-+",3,False,-9.880206411691585,0.125,0.03100775193798444,0.037460978147762725,0.03954214360041623,0.07500579950012516,37,0.05834816032490451
direct_vote_guarded,0.65,0.65,0.65,0.65,1040,"--+-,-+-+",2,False,-9.880900441339497,0.125,0.03100775193798444,0.037460978147762725,0.04058272632674296,0.07500579950012516,37,0.06653530909344862
direct_vote_guarded,0.55,0.65,0.55,0.55,32788,"-+--,--+-,++++",3,False,-9.883351756210772,0.125,0.03100775193798444,0.03642039542143605,0.040582726326743,0.05271591860245002,36,0.06563676633444075
direct_vote_guarded,0.75,0.75,0.75,0.55,1040,"--+-,-+-+",2,False,-9.884997454251227,0.25,0.023255813953488413,0.03537981269510926,0.036836628511966715,0.05797962543871844,35,0.06773873734079125
direct_vote_guarded,0.75,0.75,0.75,0.55,1048,"++--,--+-,-+-+",3,False,-9.884997454251227,0.25,0.023255813953488413,0.03537981269510926,0.036836628511966715,0.05797962543871844,35,0.06773873734079125
direct_vote_guarded,0.75,0.75,0.75,0.55,1168,"--+-,+++-,-+-+",3,False,-9.884997454251227,0.25,0.023255813953488413,0.03537981269510926,0.036836628511966715,0.05797962543871844,35,0.06773873734079125
direct_vote_guarded,0.5,0.5,0.5,0.5,33040,"--+-,---+,++++",3,False,-9.885023942366903,0.0625,0.03875968992248058,0.037460978147762725,0.04349635796045785,0.06525970404138026,40,0.0710529085909025
direct_vote_guarded,0.65,0.75,0.65,0.65,1040,"--+-,-+-+",2,False,-9.885337968451209,0.125,0.03100775193798444,0.03642039542143605,0.03829344432882416,0.07441377409214431,36,0.059941520467836254
direct_vote_guarded,0.65,0.75,0.75,0.55,276,"-+--,--+-,---+",3,False,-9.886649764790349,0.0625,0.03875968992248058,0.03850156087408951,0.04224765868886575,0.0733950682487522,41,0.08289912565173888
direct_vote_guarded,0.45,0.45,0.45,0.45,1120,"+-+-,-++-,-+-+",3,False,-9.888999886784235,0.125,0.03100775193798455,0.03537981269510926,0.03891779396462018,0.07172981942499035,37,0.06556353556353557
direct_vote_guarded,0.55,0.75,0.65,0.55,3088,"--+-,-+-+,++-+",3,False,-9.891439339297596,0.125,0.03100775193798455,0.03537981269510926,0.03787721123829344,0.05797962543871844,37,0.07101033095898307
direct_vote_guarded,0.65,0.75,0.65,0.65,148,"-+--,--+-,+++-",3,False,-9.892137956153691,0.125,0.03100775193798444,0.03537981269510926,0.03600416233090533,0.05797962543871844,35,0.06406494406494408
direct_vote_guarded,0.65,0.65,0.55,0.65,656,"--+-,+++-,+--+",3,False,-9.892212221268695,0.125,0.03100775193798455,0.03537981269510926,0.03995837669094691,0.05257123780522309,37,0.0853565902078488
direct_vote_guarded,0.65,0.75,0.65,0.65,28,"-+--,++--,--+-",3,False,-9.892270763918079,0.125,0.03100775193798444,0.03537981269510926,0.03600416233090531,0.05797962543871844,36,0.06459617512249091
direct_vote_guarded,0.65,0.65,0.65,0.55,1028,"-+--,-+-+",2,False,-9.8929746960624,0.0625,0.03875968992248058,0.03537981269510926,0.040790842872008314,0.054125311783447566,37,0.06470401086174594
direct_vote_guarded,0.65,0.65,0.65,0.65,1028,"-+--,-+-+",2,False,-9.8929746960624,0.0625,0.03875968992248058,0.03537981269510926,0.040790842872008314,0.054125311783447566,37,0.06470401086174594
direct_vote_guarded,0.75,0.65,0.75,0.65,22,"+---,-+--,--+-",3,False,-9.894170138226931,0.0625,0.03875968992248058,0.03537981269510926,0.041415192507804365,0.054125311783447566,39,0.07273239762601463
direct_vote_guarded,0.55,0.75,0.55,0.65,2320,"--+-,---+,++-+",3,False,-9.895068933169789,0.0625,0.03875968992248058,0.036420395421435936,0.03933402705515088,0.05823402276298582,37,0.07766381288120419
direct_vote_guarded,0.4,0.4,0.4,0.4,9248,"+-+-,-+-+,+-++",3,False,-9.895325740253083,0.0625,0.03875968992248058,0.03642039542143605,0.040582726326743,0.07172981942499035,38,0.0841046136937027
direct_vote_guarded,0.75,0.75,0.75,0.65,1042,"+---,--+-,-+-+",3,False,-9.896053893904314,0.25,0.023255813953488413,0.032258064516129004,0.035171696149843924,0.12181455947631392,34,0.06073907479933305
direct_vote_guarded,0.75,0.65,0.75,0.65,20,"-+--,--+-",2,False,-9.896130804025534,0.0625,0.03875968992248058,0.03537981269510926,0.04016649323621228,0.054125311783447566,38,0.0740818246081404
direct_vote_guarded,0.65,0.75,0.65,0.65,20,"-+--,--+-",2,False,-9.898042534146601,0.125,0.03100775193798444,0.03433922996878247,0.03475546305931321,0.08498925751530229,35,0.06654225654225654
direct_vote_guarded,0.65,0.75,0.75,0.55,4368,"--+-,---+,--++",3,False,-9.898385697840306,0.125,0.03100775193798455,0.03433922996878247,0.03850156087408947,0.10140073187656104,37,0.08608170200500795
direct_vote_guarded,0.75,0.65,0.75,0.65,1042,"+---,--+-,-+-+",3,False,-9.898428024163513,0.125,0.03100775193798455,0.03329864724245579,0.03829344432882416,0.05873291383367914,36,0.07609523398997083
direct_vote_guarded,0.55,0.65,0.65,0.55,35840,"-+-+,++-+,++++",3,False,-9.898977016872214,0.0625,0.03875968992248058,0.03433922996878247,0.03829344432882416,0.054543992492950555,36,0.06320633450376412
direct_vote_guarded,0.55,0.65,0.75,0.55,35840,"-+-+,++-+,++++",3,False,-9.898999425100241,0.0625,0.03875968992248058,0.03433922996878258,0.03891779396462018,0.054125311783447566,36,0.06657607997877275
direct_vote_guarded,0.65,0.65,0.55,0.75,144,"--+-,+++-",2,False,-9.899702928393506,0.125,0.03100775193798455,0.03329864724245579,0.03933402705515086,0.056851631007836516,35,0.08675638371290545
direct_vote_guarded,0.65,0.55,0.65,0.65,1040,"--+-,-+-+",2,False,-9.900543833798556,0.125,0.03100775193798455,0.032258064516129004,0.03870967741935483,0.05271591860245002,34,0.07471725150347819
direct_vote_guarded,0.6,0.6,0.6,0.6,1028,"-+--,-+-+",2,False,-9.90066503948472,0.125,0.03100775193798455,0.030176899063475537,0.04245577523413111,0.06258201099943626,33,0.0689185100613672
direct_vote_guarded,0.75,0.65,0.75,0.55,5120,"-+-+,--++",2,False,-9.900684789448519,0.0625,0.03875968992248058,0.03433922996878247,0.03787721123829344,0.054543992492950555,36,0.06787301273822455
direct_vote_guarded,0.75,0.65,0.75,0.65,1040,"--+-,-+-+",2,False,-9.901084766764374,0.125,0.03100775193798455,0.03329864724245579,0.03704474505723203,0.08498925751530229,36,0.07812846068660022
direct_vote_guarded,0.65,0.75,0.75,0.55,65256,"++--,+-+-,-++-,+++-,+--+,-+-+,++-+,--++,+-++,-+++,++++",11,False,-9.901127306996587,0.0625,0.03875968992248069,0.03537981269510926,0.03704474505723203,0.056208977953577044,37,0.07766805266805267
direct_vote_guarded,0.65,0.75,0.75,0.65,1044,"-+--,--+-,-+-+",3,False,-9.901172057507655,0.125,0.03100775193798444,0.032258064516129004,0.036836628511966694,0.08498925751530229,35,0.06490842490842491
direct_vote_guarded,0.45,0.45,0.45,0.45,1056,"+-+-,-+-+",2,False,-9.901200681197244,0.125,0.03100775193798455,0.03329864724245579,0.035796045785639975,0.10172580302743306,35,0.0707599585648366
direct_vote_guarded,0.55,0.75,0.55,0.75,20,"-+--,--+-",2,False,-9.901435215705675,0.0625,0.03875968992248058,0.03433922996878247,0.03933402705515088,0.05913782042022051,36,0.07808265378032819
direct_vote_guarded,0.65,0.65,0.55,0.65,144,"--+-,+++-",2,False,-9.901552564603483,0.125,0.03100775193798455,0.03329864724245579,0.03850156087408949,0.07500579950012516,35,0.08837377093191046
direct_vote_guarded,0.55,0.55,0.75,0.75,4,-+--,1,False,-9.9018165475518,0.0625,0.03875968992248058,0.03329864724245579,0.04058272632674298,0.05823402276298582,36,0.07368652847376252
direct_vote_guarded,0.45,0.45,0.45,0.45,112,"--+-,+-+-,-++-",3,False,-9.90272699628377,0.125,0.03100775193798455,0.03329864724245579,0.03787721123829344,0.07441377409214431,35,0.08987224157955866
